-- --------------------------------------------------------
-- Host:                         127.0.0.1
-- Server version:               5.6.11-log - MySQL Community Server (GPL)
-- Server OS:                    Win32
-- HeidiSQL Version:             8.1.0.4667
-- --------------------------------------------------------

/*!40101 SET @OLD_CHARACTER_SET_CLIENT=@@CHARACTER_SET_CLIENT */;
/*!40101 SET NAMES utf8 */;
/*!40014 SET @OLD_FOREIGN_KEY_CHECKS=@@FOREIGN_KEY_CHECKS, FOREIGN_KEY_CHECKS=0 */;
/*!40101 SET @OLD_SQL_MODE=@@SQL_MODE, SQL_MODE='NO_AUTO_VALUE_ON_ZERO' */;

-- Dumping database structure for bd_auto_dealer
CREATE DATABASE IF NOT EXISTS `bd_auto_dealer` /*!40100 DEFAULT CHARACTER SET latin1 */;
USE `bd_auto_dealer`;


-- Dumping structure for table bd_auto_dealer.auto
CREATE TABLE IF NOT EXISTS `auto` (
  `id` smallint(5) unsigned NOT NULL AUTO_INCREMENT,
  `name` varchar(100) DEFAULT NULL,
  `description` varchar(500) DEFAULT NULL,
  `logo` varchar(500) DEFAULT NULL,
  PRIMARY KEY (`id`)
) ENGINE=InnoDB AUTO_INCREMENT=120 DEFAULT CHARSET=utf8;

-- Dumping data for table bd_auto_dealer.auto: ~-1 rows (approximately)
/*!40000 ALTER TABLE `auto` DISABLE KEYS */;
INSERT INTO `auto` (`id`, `name`, `description`, `logo`) VALUES
	(1, 'Acura', 'Acura', NULL),
	(2, 'Aixam', 'Aixam', NULL),
	(3, 'Alfa Romeo', 'Alfa Romeo', NULL),
	(4, 'Aro', 'Aro', NULL),
	(5, 'Aston Martin', 'Aston Martin', NULL),
	(6, 'Audi', 'Audi', NULL),
	(7, 'Austin', 'Austin', NULL),
	(8, 'Bentley', 'Bentley', NULL),
	(9, 'BMW', 'BMW', NULL),
	(10, 'Brilliance', 'Brilliance', NULL),
	(11, 'Bugatti', 'Bugatti', NULL),
	(12, 'Buick', 'Buick', NULL),
	(13, 'Cadillac', 'Cadillac', NULL),
	(14, 'Caterham', 'Caterham', NULL),
	(15, 'Chevrolet', 'Chevrolet', NULL),
	(16, 'Chrysler', 'Chrysler', NULL),
	(17, 'Citroen', 'Citroen', NULL),
	(18, 'Comarth', 'Comarth', NULL),
	(19, 'Dacia', 'Dacia', NULL),
	(20, 'Daewoo', 'Daewoo', NULL),
	(21, 'Daihatsu', 'Daihatsu', NULL),
	(22, 'De Lorean', 'De Lorean', NULL),
	(23, 'DKW', 'DKW', NULL),
	(24, 'Dodge', 'Dodge', NULL),
	(25, 'Eagle', 'Eagle', NULL),
	(26, 'Ferrari', 'Ferrari', NULL),
	(27, 'Fiat', 'Fiat', NULL),
	(28, 'Ford', 'Ford', NULL),
	(29, 'Galloper', 'Galloper', NULL),
	(30, 'Gaz', 'Gaz', NULL),
	(31, 'Geely', 'Geely', NULL),
	(32, 'GMC', 'GMC', NULL),
	(33, 'GORDON', 'GORDON', NULL),
	(34, 'Grecav', 'Grecav', NULL),
	(35, 'GWM', 'GWM', NULL),
	(36, 'Holden', 'Holden', NULL),
	(37, 'Honda', 'Honda', NULL),
	(38, 'Hummer', 'Hummer', NULL),
	(39, 'Hyundai', 'Hyundai', NULL),
	(40, 'Infiniti', 'Infiniti', NULL),
	(41, 'INNOCENTI', 'INNOCENTI', NULL),
	(42, 'Isuzu', 'Isuzu', NULL),
	(43, 'Jaguar', 'Jaguar', NULL),
	(44, 'Jeep', 'Jeep', NULL),
	(45, 'Kaipan', 'Kaipan', NULL),
	(46, 'Kia', 'Kia', NULL),
	(47, 'Lada', 'Lada', NULL),
	(48, 'Lamborghini', 'Lamborghini', NULL),
	(49, 'Lancia', 'Lancia', NULL),
	(50, 'Land Rover', 'Land Rover', NULL),
	(51, 'Lexus', 'Lexus', NULL),
	(52, 'Lincoln', 'Lincoln', NULL),
	(53, 'Lotus', 'Lotus', NULL),
	(54, 'LTI', 'LTI', NULL),
	(55, 'Mahindra', 'Mahindra', NULL),
	(56, 'MARCOS', 'MARCOS', NULL),
	(57, 'Maruti', 'Maruti', NULL),
	(58, 'Maserati', 'Maserati', NULL),
	(59, 'Maybach', 'Maybach', NULL),
	(60, 'Mazda', 'Mazda', NULL),
	(61, 'Mercedes-Benz', 'Mercedes-Benz', NULL),
	(62, 'Mercury', 'Mercury', NULL),
	(63, 'MG', 'MG', NULL),
	(64, 'Microcar', 'Microcar', NULL),
	(65, 'Mini', 'Mini', NULL),
	(66, 'Mitsubishi', 'Mitsubishi', NULL),
	(67, 'Morgan', 'Morgan', NULL),
	(68, 'Moskwicz', 'Moskwicz', NULL),
	(69, 'Nissan', 'Nissan', NULL),
	(70, 'NSU', 'NSU', NULL),
	(71, 'Nysa', 'Nysa', NULL),
	(72, 'Oldsmobile', 'Oldsmobile', NULL),
	(73, 'Oltcit', 'Oltcit', NULL),
	(74, 'Opel', 'Opel', NULL),
	(75, 'Peugeot', 'Peugeot', NULL),
	(76, 'Piaggio', 'Piaggio', NULL),
	(77, 'Plymouth', 'Plymouth', NULL),
	(78, 'Polonez', 'Polonez', NULL),
	(79, 'Pontiac', 'Pontiac', NULL),
	(80, 'Porsche', 'Porsche', NULL),
	(81, 'Proton', 'Proton', NULL),
	(82, 'Rayton Fissore', 'Rayton Fissore', NULL),
	(83, 'Renault', 'Renault', NULL),
	(84, 'Rolls-Royce', 'Rolls-Royce', NULL),
	(85, 'Rover', 'Rover', NULL),
	(86, 'Saab', 'Saab', NULL),
	(87, 'Santana', 'Santana', NULL),
	(88, 'Saturn', 'Saturn', NULL),
	(89, 'Scion', 'Scion', NULL),
	(90, 'Seat', 'Seat', NULL),
	(91, 'Shuanghuan', 'Shuanghuan', NULL),
	(92, 'Smart', 'Smart', NULL),
	(93, 'SsangYong', 'SsangYong', NULL),
	(94, 'Subaru', 'Subaru', NULL),
	(95, 'Suzuki', 'Suzuki', NULL),
	(96, 'Syrena', 'Syrena', NULL),
	(97, 'Skoda', 'Skoda', NULL),
	(98, 'Talbot', 'Talbot', NULL),
	(99, 'Tarpan', 'Tarpan', NULL),
	(100, 'Tata', 'Tata', NULL),
	(101, 'Tatra', 'Tatra', NULL),
	(102, 'Tavria', 'Tavria', NULL),
	(103, 'Tesla', 'Tesla', NULL),
	(104, 'Toyota', 'Toyota', NULL),
	(105, 'Trabant', 'Trabant', NULL),
	(106, 'Triumph', 'Triumph', NULL),
	(107, 'TVR', 'TVR', NULL),
	(108, 'Uaz', 'Uaz', NULL),
	(109, 'Vauxhall', 'Vauxhall', NULL),
	(110, 'Volkswagen', 'Volkswagen', NULL),
	(111, 'Volvo', 'Volvo', NULL),
	(112, 'Warszawa', 'Warszawa', NULL),
	(113, 'Wartburg', 'Wartburg', NULL),
	(114, 'Wolga', 'Wolga', NULL),
	(115, 'Yugo', 'Yugo', NULL),
	(116, 'Zaporozec', 'Zaporozec', NULL),
	(117, 'Zastawa', 'Zastawa', NULL),
	(118, 'Zuk', 'Zuk', NULL),
	(119, 'Other', 'Other', NULL);
/*!40000 ALTER TABLE `auto` ENABLE KEYS */;


-- Dumping structure for table bd_auto_dealer.auto_version
CREATE TABLE IF NOT EXISTS `auto_version` (
  `id` mediumint(8) unsigned NOT NULL AUTO_INCREMENT,
  `name` varchar(200) DEFAULT NULL,
  `engineId` mediumint(8) unsigned DEFAULT NULL,
  `weight` float unsigned NOT NULL,
  `seatsNumber` tinyint(3) unsigned NOT NULL DEFAULT '5',
  `doorsNumber` tinyint(1) unsigned NOT NULL DEFAULT '5',
  `price` float unsigned NOT NULL,
  `modelId` smallint(5) unsigned NOT NULL,
  PRIMARY KEY (`id`),
  KEY `modelId` (`modelId`)
) ENGINE=InnoDB AUTO_INCREMENT=9 DEFAULT CHARSET=utf8;

-- Dumping data for table bd_auto_dealer.auto_version: ~-1 rows (approximately)
/*!40000 ALTER TABLE `auto_version` DISABLE KEYS */;
INSERT INTO `auto_version` (`id`, `name`, `engineId`, `weight`, `seatsNumber`, `doorsNumber`, `price`, `modelId`) VALUES
	(1, 'LAUREATE 1.2 75CP', 1, 1800, 5, 5, 8800, 1901),
	(2, 'LAUREATE 0.9 90CP', 2, 1800, 5, 5, 9900, 1901),
	(3, 'ACCES 1.2 75CP', 1, 1800, 5, 5, 6790, 1901),
	(4, 'AMBIANCE 0.9 90CP', 2, 1800, 5, 5, 8800, 1901),
	(5, 'AMBIANCE 1.2 75CP', 1, 1800, 5, 5, 7700, 1901),
	(6, 'LAUREATE 1.5 75CP', 4, 1800, 5, 5, 10700, 1901),
	(7, 'LAUREATE 1.5 90CP', 3, 1800, 5, 5, 113000, 1901),
	(8, 'AMBIANCE 1.5 75CP', 4, 1800, 5, 5, 9600, 1901);
/*!40000 ALTER TABLE `auto_version` ENABLE KEYS */;


-- Dumping structure for table bd_auto_dealer.carequipment
CREATE TABLE IF NOT EXISTS `carequipment` (
  `id` mediumint(8) unsigned NOT NULL AUTO_INCREMENT,
  `equipmentId` mediumint(8) unsigned NOT NULL,
  `autoId` mediumint(8) unsigned NOT NULL,
  `type` tinyint(2) unsigned NOT NULL DEFAULT '1',
  PRIMARY KEY (`id`),
  KEY `equipmentId` (`equipmentId`),
  KEY `autoId` (`autoId`)
) ENGINE=InnoDB AUTO_INCREMENT=33 DEFAULT CHARSET=utf8;

-- Dumping data for table bd_auto_dealer.carequipment: ~-1 rows (approximately)
/*!40000 ALTER TABLE `carequipment` DISABLE KEYS */;
INSERT INTO `carequipment` (`id`, `equipmentId`, `autoId`, `type`) VALUES
	(1, 1, 2, 1),
	(2, 2, 2, 1),
	(3, 4, 2, 1),
	(4, 5, 2, 1),
	(6, 7, 2, 1),
	(7, 9, 2, 1),
	(8, 10, 2, 1),
	(9, 11, 2, 1),
	(10, 12, 2, 1),
	(11, 13, 2, 1),
	(12, 14, 2, 1),
	(13, 15, 2, 1),
	(14, 16, 2, 1),
	(15, 18, 2, 1),
	(16, 19, 2, 1),
	(17, 20, 2, 1),
	(18, 21, 2, 1),
	(19, 22, 2, 1),
	(20, 23, 2, 1),
	(21, 24, 2, 1),
	(22, 26, 2, 1),
	(23, 27, 2, 1),
	(24, 28, 2, 1),
	(25, 29, 2, 1),
	(26, 31, 2, 1),
	(27, 32, 2, 1),
	(28, 33, 2, 1),
	(29, 34, 2, 1),
	(30, 35, 2, 1),
	(31, 36, 2, 1),
	(32, 37, 2, 1);
/*!40000 ALTER TABLE `carequipment` ENABLE KEYS */;


-- Dumping structure for table bd_auto_dealer.engine
CREATE TABLE IF NOT EXISTS `engine` (
  `id` mediumint(8) unsigned NOT NULL AUTO_INCREMENT,
  `autoId` mediumint(8) unsigned NOT NULL DEFAULT '0',
  `type` tinyint(1) NOT NULL DEFAULT '1',
  `capacity` smallint(6) DEFAULT NULL COMMENT 'cm3',
  `name` varchar(100) DEFAULT NULL,
  `horsePower` smallint(3) DEFAULT NULL,
  `fuelAverage` float DEFAULT NULL,
  `fuelUrban` float DEFAULT NULL,
  `fuelExtra` float DEFAULT NULL,
  PRIMARY KEY (`id`),
  KEY `autoId` (`autoId`)
) ENGINE=InnoDB AUTO_INCREMENT=9 DEFAULT CHARSET=utf8;

-- Dumping data for table bd_auto_dealer.engine: ~-1 rows (approximately)
/*!40000 ALTER TABLE `engine` DISABLE KEYS */;
INSERT INTO `engine` (`id`, `autoId`, `type`, `capacity`, `name`, `horsePower`, `fuelAverage`, `fuelUrban`, `fuelExtra`) VALUES
	(1, 19, 3, 1200, '1.2 75CP 2013', 55, 5.9, 7.7, 4.9),
	(2, 19, 3, 900, 'Dacia 0.9 90CP 2013', 66, 5.4, 6.7, 4.6),
	(3, 19, 2, 1500, 'Dacia 1.5 90CP diesel', 66, 4, 4.6, 3.7),
	(4, 19, 2, 1500, 'Dacia 1.5 75CP diesel', 55, 3.9, 4.4, 3.7),
	(5, 19, 3, 1600, 'Dacia 1.6 85 CP 2013 benzina', 61, 7, 9.3, 5.6),
	(6, 19, 3, 1200, 'Dacia 1.2 TCe 115 CP benzina 2013', 85, 5.7, 7.3, 4.8),
	(7, 19, 2, 1500, 'Dacia 1.5 dCi 110 CP diesel 2013', 79, 4.4, 5.3, 4),
	(8, 19, 3, 1600, 'Dacia 1.6 16V 105 benzina 2013', 77, 8, 10.4, 7);
/*!40000 ALTER TABLE `engine` ENABLE KEYS */;


-- Dumping structure for table bd_auto_dealer.equipmentoptions
CREATE TABLE IF NOT EXISTS `equipmentoptions` (
  `id` mediumint(8) unsigned NOT NULL AUTO_INCREMENT,
  `equipmentId` mediumint(8) unsigned NOT NULL,
  `modelId` mediumint(8) unsigned NOT NULL,
  `price` double NOT NULL,
  `value` varchar(2000) NOT NULL,
  `fieldType` tinyint(2) unsigned NOT NULL DEFAULT '0',
  PRIMARY KEY (`id`),
  KEY `equipmentId` (`equipmentId`),
  KEY `versionId` (`modelId`)
) ENGINE=InnoDB AUTO_INCREMENT=39 DEFAULT CHARSET=utf8;

-- Dumping data for table bd_auto_dealer.equipmentoptions: ~-1 rows (approximately)
/*!40000 ALTER TABLE `equipmentoptions` DISABLE KEYS */;
INSERT INTO `equipmentoptions` (`id`, `equipmentId`, `modelId`, `price`, `value`, `fieldType`) VALUES
	(1, 12, 1901, 100, '1', 0),
	(2, 36, 1901, 250, '1', 0),
	(3, 28, 1901, 200, '1', 0),
	(4, 3, 1901, 250, '1', 0),
	(5, 18, 1901, 200, '1', 0),
	(6, 9, 1901, 0, '1', 0),
	(7, 2, 1901, 25, '1', 0),
	(8, 1, 1901, 100, '1', 0),
	(9, 7, 1901, 100, '1', 0),
	(10, 17, 1901, 120, '1', 0),
	(11, 38, 1901, 250, '1', 0),
	(12, 37, 1901, 52, '1', 0),
	(13, 24, 1901, 450, '1', 0),
	(14, 29, 1901, 150, '1', 0),
	(15, 11, 1901, 120, '1', 0),
	(16, 4, 1901, 850, '1', 0),
	(17, 32, 1901, 120, '1', 0),
	(18, 26, 1901, 150, '1', 0),
	(19, 14, 1901, 250, '1', 0),
	(20, 33, 1901, 300, '1', 0),
	(21, 35, 1901, 100, '1', 0),
	(22, 34, 1901, 100, '1', 0),
	(23, 5, 1901, 20, '1', 0),
	(24, 22, 1901, 350, '1', 0),
	(25, 21, 1901, 450, '1', 0),
	(26, 27, 1901, 50, '1', 0),
	(27, 20, 1901, 80, '1', 0),
	(28, 8, 1901, 25, '1', 0),
	(29, 31, 1901, 280, '1', 0),
	(30, 15, 1901, 99, '1', 0),
	(31, 30, 1901, 250, '1', 0),
	(32, 6, 1901, 180, '1', 0),
	(33, 23, 1901, 20, '1', 0),
	(34, 19, 1901, 120, '1', 0),
	(35, 13, 1901, 180, '1', 0),
	(36, 10, 1901, 140, '1', 0),
	(37, 25, 1901, 120, '1', 0),
	(38, 16, 1901, 140, '1', 0);
/*!40000 ALTER TABLE `equipmentoptions` ENABLE KEYS */;


-- Dumping structure for table bd_auto_dealer.equipments
CREATE TABLE IF NOT EXISTS `equipments` (
  `id` mediumint(8) unsigned NOT NULL AUTO_INCREMENT,
  `name` varchar(200) NOT NULL,
  `description` varchar(200) NOT NULL,
  PRIMARY KEY (`id`)
) ENGINE=InnoDB AUTO_INCREMENT=41 DEFAULT CHARSET=utf8;

-- Dumping data for table bd_auto_dealer.equipments: ~-1 rows (approximately)
/*!40000 ALTER TABLE `equipments` DISABLE KEYS */;
INSERT INTO `equipments` (`id`, `name`, `description`) VALUES
	(1, 'Airbag frontal sofer', '<span style="color: rgb(130, 130, 130); font-family: verdana, helvetica, clean, sans-serif; font-size: 11px; line-height: 24.625px; background-color: rgb(242, 242, 242);">Airbag frontal sofer</span>  '),
	(2, 'Airbag frontal pasager (cu deconectare manuala)', '<span style="color: rgb(130, 130, 130); font-family: verdana, helvetica, clean, sans-serif; font-size: 11px; line-height: 24.625px; background-color: rgb(242, 242, 242);">Airbag frontal pasager (cu de'),
	(3, 'ABS, repartitor electronic de franare si AFU', '<span style="color: rgb(130, 130, 130); font-family: verdana, helvetica, clean, sans-serif; font-size: 11px; line-height: 24.625px; background-color: rgb(242, 242, 242);">ABS, repartitor electronic de'),
	(4, 'Computer de bord', '<span style="color: rgb(130, 130, 130); font-family: verdana, helvetica, clean, sans-serif; font-size: 11px; line-height: 24.625px; background-color: rgb(242, 242, 242);">Computer de bord</span>      '),
	(5, 'Iluminare portbagaj', '<span style="color: rgb(130, 130, 130); font-family: verdana, helvetica, clean, sans-serif; font-size: 11px; line-height: 24.625px; background-color: rgb(242, 242, 242);">Iluminare portbagaj</span>   '),
	(6, 'Regulator limitator de viteza', '<span style="color: rgb(130, 130, 130); font-family: verdana, helvetica, clean, sans-serif; font-size: 11px; line-height: 24.625px; background-color: rgb(242, 242, 242);">Regulator limitator de viteza'),
	(7, 'Airbaguri frontale laterale', '<span style="color: rgb(130, 130, 130); font-family: verdana, helvetica, clean, sans-serif; font-size: 11px; line-height: 24.625px; background-color: rgb(242, 242, 242);">Airbaguri frontale laterale</'),
	(8, 'Manere deschidere usi din interior negre', '<span style="color: rgb(130, 130, 130); font-family: verdana, helvetica, clean, sans-serif; font-size: 11px; line-height: 24.625px; background-color: rgb(242, 242, 242);">Manere deschidere usi din int'),
	(9, 'AFU (asistenta la franarea de urgenta)', '<span style="color: rgb(130, 130, 130); font-family: verdana, helvetica, clean, sans-serif; font-size: 11px; line-height: 24.625px; background-color: rgb(242, 242, 242);">AFU (asistenta la franarea de'),
	(10, 'Scrumiera mobila si bricheta', '<span style="color: rgb(130, 130, 130); font-family: verdana, helvetica, clean, sans-serif; font-size: 11px; line-height: 24.625px; background-color: rgb(242, 242, 242);">Scrumiera mobila si bricheta<'),
	(11, 'Centuri de siguranta fata reglabile pe inaltime', '<span style="color: rgb(130, 130, 130); font-family: verdana, helvetica, clean, sans-serif; font-size: 11px; line-height: 24.625px; background-color: rgb(242, 242, 242);">Centuri de siguranta fata reg'),
	(12, '3 Centuri de siguranta spate cu prindere in 3 puncte', '<span style="color: rgb(130, 130, 130); font-family: verdana, helvetica, clean, sans-serif; font-size: 11px; line-height: 24.625px; background-color: rgb(242, 242, 242);">3 Centuri de siguranta spate '),
	(13, 'Scaun sofer reglabil pe inaltime', '<span style="color: rgb(130, 130, 130); font-family: verdana, helvetica, clean, sans-serif; font-size: 11px; line-height: 24.625px; background-color: rgb(242, 242, 242);">Scaun sofer reglabil pe inalt'),
	(14, 'Geamuri electrice fata', '<span style="color: rgb(130, 130, 130); font-family: verdana, helvetica, clean, sans-serif; font-size: 11px; line-height: 24.625px; background-color: rgb(242, 242, 242);">Geamuri electrice fata</span>'),
	(15, 'Proiectoare de ceata', '<span style="color: rgb(130, 130, 130); font-family: verdana, helvetica, clean, sans-serif; font-size: 11px; line-height: 24.625px; background-color: rgb(242, 242, 242);">Proiectoare de ceata</span>  '),
	(16, 'Volan imbracat in piele', '<span style="color: rgb(130, 130, 130); font-family: verdana, helvetica, clean, sans-serif; font-size: 11px; line-height: 24.625px; background-color: rgb(242, 242, 242);">Volan imbracat in piele</span'),
	(17, 'Alerta sonora si vizuala prindere centura de siguranta', '<span style="color: rgb(130, 130, 130); font-family: verdana, helvetica, clean, sans-serif; font-size: 11px; line-height: 24.625px; background-color: rgb(242, 242, 242);">Alerta sonora si vizuala prin'),
	(18, 'Aer conditionat', '<span style="color: rgb(130, 130, 130); font-family: verdana, helvetica, clean, sans-serif; font-size: 11px; line-height: 24.625px; background-color: rgb(242, 242, 242);">Aer conditionat</span>       '),
	(19, 'Roata de rezerva de dimensiuni normale', '<span style="color: rgb(130, 130, 130); font-family: verdana, helvetica, clean, sans-serif; font-size: 11px; line-height: 24.625px; background-color: rgb(242, 242, 242);">Roata de rezerva de dimensiun'),
	(20, 'Manere deschidere usi din exterior in culoarea caroseriei', '<span style="color: rgb(130, 130, 130); font-family: verdana, helvetica, clean, sans-serif; font-size: 11px; line-height: 24.625px; background-color: rgb(242, 242, 242);">Manere deschidere usi din ext'),
	(21, 'Jante de otel 15" cu capace complete Groomy', '<span style="color: rgb(130, 130, 130); font-family: verdana, helvetica, clean, sans-serif; font-size: 11px; line-height: 24.625px; background-color: rgb(242, 242, 242);">Jante de otel 15" cu capace c'),
	(22, 'Jante 15\'\'', '<span style="color: rgb(130, 130, 130); font-family: verdana, helvetica, clean, sans-serif; font-size: 11px; line-height: 24.625px; background-color: rgb(242, 242, 242);">Jante 15\'\'</span>            '),
	(23, 'Retrovizoare exterioare in culoarea caroseriei, cu reglaj electric si degivrante', '<span style="color: rgb(130, 130, 130); font-family: verdana, helvetica, clean, sans-serif; font-size: 11px; line-height: 24.625px; background-color: rgb(242, 242, 242);">Retrovizoare exterioare in cu'),
	(24, 'Bancheta spate rabatabila si fractionabila 1/3, 2/3 cu sistem isofix', '<span style="color: rgb(130, 130, 130); font-family: verdana, helvetica, clean, sans-serif; font-size: 11px; line-height: 24.625px; background-color: rgb(242, 242, 242);">Bancheta spate rabatabila si '),
	(25, 'Tetiere fata reglabile pe inaltime (pline)', '<span style="color: rgb(130, 130, 130); font-family: verdana, helvetica, clean, sans-serif; font-size: 11px; line-height: 24.625px; background-color: rgb(242, 242, 242);">Tetiere fata reglabile pe ina'),
	(26, 'Directie asistata', '<span style="color: rgb(130, 130, 130); font-family: verdana, helvetica, clean, sans-serif; font-size: 11px; line-height: 24.625px; background-color: rgb(242, 242, 242);">Directie asistata</span>     '),
	(27, 'Luneta incalzita', '<span style="color: rgb(130, 130, 130); font-family: verdana, helvetica, clean, sans-serif; font-size: 11px; line-height: 24.625px; background-color: rgb(242, 242, 242);">Luneta incalzita</span>      '),
	(28, '3 Tetiere spate reglabile pe inaltime (tip virgula)', '<span style="color: rgb(130, 130, 130); font-family: verdana, helvetica, clean, sans-serif; font-size: 11px; line-height: 24.625px; background-color: rgb(242, 242, 242);">3 Tetiere spate reglabile pe '),
	(29, 'Bare de protectie in culoarea caroseriei', '<span style="color: rgb(130, 130, 130); font-family: verdana, helvetica, clean, sans-serif; font-size: 11px; line-height: 24.625px; background-color: rgb(242, 242, 242);">Bare de protectie in culoarea'),
	(30, 'Radio 2DIN : CD, MP3 cu satelit de comanda pe volan, priza Jack, USB, Bluetooth®, audio streaming', '<span style="color: rgb(130, 130, 130); font-family: verdana, helvetica, clean, sans-serif; font-size: 11px; line-height: 24.625px; background-color: rgb(242, 242, 242);">Radio 2DIN : CD, MP3 cu satel'),
	(31, 'Media Nav', '<span style="color: rgb(130, 130, 130); font-family: verdana, helvetica, clean, sans-serif; font-size: 11px; line-height: 24.625px; background-color: rgb(242, 242, 242);">Media Nav</span>             '),
	(32, 'Cotiera centrala fata', '<span style="color: rgb(130, 130, 130); font-family: verdana, helvetica, clean, sans-serif; font-size: 11px; line-height: 24.625px; background-color: rgb(242, 242, 242);">Cotiera centrala fata</span> '),
	(33, 'Geamuri electrice spate', '<span style="color: rgb(130, 130, 130); font-family: verdana, helvetica, clean, sans-serif; font-size: 11px; line-height: 24.625px; background-color: rgb(242, 242, 242);">Geamuri electrice spate</span'),
	(34, 'Harta Romaniei', '<span style="color: rgb(130, 130, 130); font-family: verdana, helvetica, clean, sans-serif; font-size: 11px; line-height: 24.625px; background-color: rgb(242, 242, 242);">Harta Romaniei</span>        '),
	(35, 'Harta Europei', '<span style="color: rgb(130, 130, 130); font-family: verdana, helvetica, clean, sans-serif; font-size: 11px; line-height: 24.625px; background-color: rgb(242, 242, 242);">Harta Europei</span>         '),
	(36, '4 jante aluminiu 15\'', '<span style="color: rgb(130, 130, 130); font-family: verdana, helvetica, clean, sans-serif; font-size: 11px; line-height: 24.625px; background-color: rgb(242, 242, 242);">4 jante aluminiu 15\'</span>  '),
	(37, 'ASR ESP', '<span style="color: rgb(130, 130, 130); font-family: verdana, helvetica, clean, sans-serif; font-size: 11px; line-height: 24.625px; background-color: rgb(242, 242, 242);">ASR ESP</span>               '),
	(38, 'Asistenta la parcarea cu spatele', '<span style="color: rgb(130, 130, 130); font-family: verdana, helvetica, clean, sans-serif; font-size: 11px; line-height: 24.625px; background-color: rgb(242, 242, 242);">Asistenta la parcarea cu spat'),
	(39, 'Pack Sécurité', '<span style="color: rgb(130, 130, 130); font-family: verdana, helvetica, clean, sans-serif; font-size: 11px; line-height: 24.625px; background-color: rgb(242, 242, 242);">Pack Sécurité</span>         '),
	(40, 'Pack Look', '<span style="color: rgb(130, 130, 130); font-family: verdana, helvetica, clean, sans-serif; font-size: 11px; line-height: 24.625px; background-color: rgb(242, 242, 242);">Pack Look</span>             ');
/*!40000 ALTER TABLE `equipments` ENABLE KEYS */;


-- Dumping structure for table bd_auto_dealer.model
CREATE TABLE IF NOT EXISTS `model` (
  `id` smallint(5) unsigned NOT NULL AUTO_INCREMENT,
  `autoId` smallint(5) unsigned NOT NULL,
  `name` varchar(250) NOT NULL,
  `description` varchar(250) DEFAULT NULL,
  `releaseYear` year(4) DEFAULT NULL,
  PRIMARY KEY (`id`),
  KEY `autoId` (`autoId`)
) ENGINE=InnoDB AUTO_INCREMENT=1902 DEFAULT CHARSET=utf8;

-- Dumping data for table bd_auto_dealer.model: ~-1 rows (approximately)
/*!40000 ALTER TABLE `model` DISABLE KEYS */;
INSERT INTO `model` (`id`, `autoId`, `name`, `description`, `releaseYear`) VALUES
	(1, 1, 'CL', 'CL', NULL),
	(2, 1, 'Integra', 'Integra', NULL),
	(3, 1, 'Legend', 'Legend', NULL),
	(4, 1, 'MDX', 'MDX', NULL),
	(5, 1, 'NSX', 'NSX', NULL),
	(6, 1, 'RDX', 'RDX', NULL),
	(7, 1, 'RL', 'RL', NULL),
	(8, 1, 'RSX', 'RSX', NULL),
	(9, 1, 'TL', 'TL', NULL),
	(10, 1, 'TSX', 'TSX', NULL),
	(11, 1, 'Vigor', 'Vigor', NULL),
	(12, 1, 'ZDX', 'ZDX', NULL),
	(13, 1, 'other', 'other', NULL),
	(14, 2, 'A721', 'A721', NULL),
	(15, 2, 'A741', 'A741', NULL),
	(16, 2, 'A751', 'A751', NULL),
	(17, 2, 'City', 'City', NULL),
	(18, 2, 'Crossline', 'Crossline', NULL),
	(19, 2, 'Roadline', 'Roadline', NULL),
	(20, 2, 'Scouty', 'Scouty', NULL),
	(21, 2, 'Scouty R', 'Scouty R', NULL),
	(22, 2, 'other', 'other', NULL),
	(23, 3, '33', '33', NULL),
	(24, 3, '75', '75', NULL),
	(25, 3, '90', '90', NULL),
	(26, 3, '145', '145', NULL),
	(27, 3, '146', '146', NULL),
	(28, 3, '147', '147', NULL),
	(29, 3, '155', '155', NULL),
	(30, 3, '156', '156', NULL),
	(31, 3, '159', '159', NULL),
	(32, 3, '164', '164', NULL),
	(33, 3, '166', '166', NULL),
	(34, 3, 'Alfasud', 'Alfasud', NULL),
	(35, 3, 'Alfetta', 'Alfetta', NULL),
	(36, 3, 'Brera', 'Brera', NULL),
	(37, 3, 'Crosswagon', 'Crosswagon', NULL),
	(38, 3, 'GT', 'GT', NULL),
	(39, 3, 'GTV', 'GTV', NULL),
	(40, 3, 'Giulia', 'Giulia', NULL),
	(41, 3, 'Giulietta', 'Giulietta', NULL),
	(42, 3, 'Mito', 'Mito', NULL),
	(43, 3, 'RS/SZ', 'RS/SZ', NULL),
	(44, 3, 'Spider', 'Spider', NULL),
	(45, 3, 'Sportwagon', 'Sportwagon', NULL),
	(46, 3, 'Sprint', 'Sprint', NULL),
	(47, 3, 'other', 'other', NULL),
	(48, 4, '10-4', '10-4', NULL),
	(49, 4, '11-4', '11-4', NULL),
	(50, 4, '243', '243', NULL),
	(51, 4, '246', '246', NULL),
	(52, 4, 'Dragon', 'Dragon', NULL),
	(53, 4, 'M 461', 'M 461', NULL),
	(54, 4, 'Muscel', 'Muscel', NULL),
	(55, 4, 'Spartana', 'Spartana', NULL),
	(56, 4, 'other', 'other', NULL),
	(57, 5, 'Bulldog', 'Bulldog', NULL),
	(58, 5, 'Cygnet', 'Cygnet', NULL),
	(59, 5, 'DB', 'DB', NULL),
	(60, 5, 'DB1', 'DB1', NULL),
	(61, 5, 'DB2', 'DB2', NULL),
	(62, 5, 'DB2/4', 'DB2/4', NULL),
	(63, 5, 'DB4', 'DB4', NULL),
	(64, 5, 'DB5', 'DB5', NULL),
	(65, 5, 'DB6', 'DB6', NULL),
	(66, 5, 'DB7', 'DB7', NULL),
	(67, 5, 'DB9', 'DB9', NULL),
	(68, 5, 'DB9 Volante', 'DB9 Volante', NULL),
	(69, 5, 'DB Mk III', 'DB Mk III', NULL),
	(70, 5, 'DBS', 'DBS', NULL),
	(71, 5, 'Lagonda', 'Lagonda', NULL),
	(72, 5, 'One-77', 'One-77', NULL),
	(73, 5, 'Rapide', 'Rapide', NULL),
	(74, 5, 'V8', 'V8', NULL),
	(75, 5, 'V8 Vantage', 'V8 Vantage', NULL),
	(76, 5, 'V8 Vantage Roadster', 'V8 Vantage Roadster', NULL),
	(77, 5, 'V8 Zagato', 'V8 Zagato', NULL),
	(78, 5, 'V12 Vanquish', 'V12 Vanquish', NULL),
	(79, 5, 'V12 Vantage', 'V12 Vantage', NULL),
	(80, 5, 'Vanquish', 'Vanquish', NULL),
	(81, 5, 'Vantage', 'Vantage', NULL),
	(82, 5, 'Virage', 'Virage', NULL),
	(83, 5, 'Volatne', 'Volatne', NULL),
	(84, 5, 'other', 'other', NULL),
	(85, 6, '80', '80', NULL),
	(86, 6, '90', '90', NULL),
	(87, 6, '100', '100', NULL),
	(88, 6, '200', '200', NULL),
	(89, 6, 'A1', 'A1', NULL),
	(90, 6, 'A2', 'A2', NULL),
	(91, 6, 'A3', 'A3', NULL),
	(92, 6, 'A4', 'A4', NULL),
	(93, 6, 'A4 Allroad', 'A4 Allroad', NULL),
	(94, 6, 'A5', 'A5', NULL),
	(95, 6, 'A6', 'A6', NULL),
	(96, 6, 'A6 Allroad', 'A6 Allroad', NULL),
	(97, 6, 'A7', 'A7', NULL),
	(98, 6, 'A8', 'A8', NULL),
	(99, 6, 'Cabriolet', 'Cabriolet', NULL),
	(100, 6, 'Coupe', 'Coupe', NULL),
	(101, 6, 'Q5', 'Q5', NULL),
	(102, 6, 'Q7', 'Q7', NULL),
	(103, 6, 'Quattro', 'Quattro', NULL),
	(104, 6, 'R8', 'R8', NULL),
	(105, 6, 'RS2', 'RS2', NULL),
	(106, 6, 'RS3', 'RS3', NULL),
	(107, 6, 'RS4', 'RS4', NULL),
	(108, 6, 'RS5', 'RS5', NULL),
	(109, 6, 'RS6', 'RS6', NULL),
	(110, 6, 'S2', 'S2', NULL),
	(111, 6, 'S3', 'S3', NULL),
	(112, 6, 'S4', 'S4', NULL),
	(113, 6, 'S5', 'S5', NULL),
	(114, 6, 'S6', 'S6', NULL),
	(115, 6, 'S8', 'S8', NULL),
	(116, 6, 'TT', 'TT', NULL),
	(117, 6, 'TT RS', 'TT RS', NULL),
	(118, 6, 'TT S', 'TT S', NULL),
	(119, 6, 'V8', 'V8', NULL),
	(120, 6, 'other', 'other', NULL),
	(121, 7, 'Allegro', 'Allegro', NULL),
	(122, 7, 'Ambasador', 'Ambasador', NULL),
	(123, 7, 'Healey', 'Healey', NULL),
	(124, 7, 'Maxi', 'Maxi', NULL),
	(125, 7, 'Metro', 'Metro', NULL),
	(126, 7, 'Mini', 'Mini', NULL),
	(127, 7, 'Montego', 'Montego', NULL),
	(128, 7, 'other', 'other', NULL),
	(129, 8, 'Arnage', 'Arnage', NULL),
	(130, 8, 'Azure', 'Azure', NULL),
	(131, 8, 'Brooklands', 'Brooklands', NULL),
	(132, 8, 'Continental', 'Continental', NULL),
	(133, 8, 'Eight', 'Eight', NULL),
	(134, 8, 'Mulsanne', 'Mulsanne', NULL),
	(135, 8, 'Turbo R', 'Turbo R', NULL),
	(136, 8, 'Turbo RT', 'Turbo RT', NULL),
	(137, 8, 'Turbo S', 'Turbo S', NULL),
	(138, 8, 'other', 'other', NULL),
	(139, 9, '840', '840', NULL),
	(140, 9, '850', '850', NULL),
	(141, 9, 'M1', 'M1', NULL),
	(142, 9, 'M3', 'M3', NULL),
	(143, 9, 'M5', 'M5', NULL),
	(144, 9, 'M6', 'M6', NULL),
	(145, 9, '116', '116', NULL),
	(146, 9, '118', '118', NULL),
	(147, 9, '120', '120', NULL),
	(148, 9, '123', '123', NULL),
	(149, 9, '125', '125', NULL),
	(150, 9, '130', '130', NULL),
	(151, 9, '135', '135', NULL),
	(152, 9, '315', '315', NULL),
	(153, 9, '316', '316', NULL),
	(154, 9, '318', '318', NULL),
	(155, 9, '320', '320', NULL),
	(156, 9, '323', '323', NULL),
	(157, 9, '324', '324', NULL),
	(158, 9, '325', '325', NULL),
	(159, 9, '328', '328', NULL),
	(160, 9, '330', '330', NULL),
	(161, 9, '335', '335', NULL),
	(162, 9, '5GT (F07)', '5GT (F07)', NULL),
	(163, 9, '518', '518', NULL),
	(164, 9, '520', '520', NULL),
	(165, 9, '523', '523', NULL),
	(166, 9, '524', '524', NULL),
	(167, 9, '525', '525', NULL),
	(168, 9, '528', '528', NULL),
	(169, 9, '530', '530', NULL),
	(170, 9, '535', '535', NULL),
	(171, 9, '540', '540', NULL),
	(172, 9, '545', '545', NULL),
	(173, 9, '550', '550', NULL),
	(174, 9, 'F10', 'F10', NULL),
	(175, 9, '628', '628', NULL),
	(176, 9, '630', '630', NULL),
	(177, 9, '633', '633', NULL),
	(178, 9, '635', '635', NULL),
	(179, 9, '645', '645', NULL),
	(180, 9, '650', '650', NULL),
	(181, 9, '725', '725', NULL),
	(182, 9, '728', '728', NULL),
	(183, 9, '730', '730', NULL),
	(184, 9, '732', '732', NULL),
	(185, 9, '735', '735', NULL),
	(186, 9, '740', '740', NULL),
	(187, 9, '745', '745', NULL),
	(188, 9, '750', '750', NULL),
	(189, 9, '760', '760', NULL),
	(190, 9, 'F01', 'F01', NULL),
	(191, 9, 'F02', 'F02', NULL),
	(192, 9, 'X1', 'X1', NULL),
	(193, 9, 'X3', 'X3', NULL),
	(194, 9, 'X5', 'X5', NULL),
	(195, 9, 'X5M', 'X5M', NULL),
	(196, 9, 'X6', 'X6', NULL),
	(197, 9, 'X6M', 'X6M', NULL),
	(198, 9, 'Z1', 'Z1', NULL),
	(199, 9, 'Z3', 'Z3', NULL),
	(200, 9, 'Z4', 'Z4', NULL),
	(201, 9, 'Z4 M', 'Z4 M', NULL),
	(202, 9, 'Z8', 'Z8', NULL),
	(203, 9, 'other', 'other', NULL),
	(204, 10, 'BC3', 'BC3', NULL),
	(205, 10, 'BS2', 'BS2', NULL),
	(206, 10, 'BS4', 'BS4', NULL),
	(207, 10, 'BS6', 'BS6', NULL),
	(208, 10, 'other', 'other', NULL),
	(209, 11, 'EB 110', 'EB 110', NULL),
	(210, 11, 'Veyron', 'Veyron', NULL),
	(211, 11, 'other', 'other', NULL),
	(212, 12, 'Centurion', 'Centurion', NULL),
	(213, 12, 'Century', 'Century', NULL),
	(214, 12, 'Electra', 'Electra', NULL),
	(215, 12, 'Enclave', 'Enclave', NULL),
	(216, 12, 'Lacrosse', 'Lacrosse', NULL),
	(217, 12, 'Le Sabre', 'Le Sabre', NULL),
	(218, 12, 'Lucerne', 'Lucerne', NULL),
	(219, 12, 'Park Avenue', 'Park Avenue', NULL),
	(220, 12, 'Reatta', 'Reatta', NULL),
	(221, 12, 'Regal', 'Regal', NULL),
	(222, 12, 'Rendezvous', 'Rendezvous', NULL),
	(223, 12, 'Riviera', 'Riviera', NULL),
	(224, 12, 'Roadmaster', 'Roadmaster', NULL),
	(225, 12, 'Skyhawk', 'Skyhawk', NULL),
	(226, 12, 'Skylark', 'Skylark', NULL),
	(227, 12, 'other', 'other', NULL),
	(228, 13, 'Allante', 'Allante', NULL),
	(229, 13, 'BLS', 'BLS', NULL),
	(230, 13, 'Brougham', 'Brougham', NULL),
	(231, 13, 'CTS', 'CTS', NULL),
	(232, 13, 'Cimarron', 'Cimarron', NULL),
	(233, 13, 'DTS', 'DTS', NULL),
	(234, 13, 'Deville', 'Deville', NULL),
	(235, 13, 'Eldorado', 'Eldorado', NULL),
	(236, 13, 'Escalade', 'Escalade', NULL),
	(237, 13, 'Fleetwood', 'Fleetwood', NULL),
	(238, 13, 'SRX', 'SRX', NULL),
	(239, 13, 'STS', 'STS', NULL),
	(240, 13, 'STS-V', 'STS-V', NULL),
	(241, 13, 'Seville', 'Seville', NULL),
	(242, 13, 'XLR', 'XLR', NULL),
	(243, 13, 'XLR-V', 'XLR-V', NULL),
	(244, 13, 'other', 'other', NULL),
	(245, 14, 'Academy', 'Academy', NULL),
	(246, 14, 'CSR', 'CSR', NULL),
	(247, 14, 'Roadsport', 'Roadsport', NULL),
	(248, 14, 'Seven', 'Seven', NULL),
	(249, 14, 'Super Seven', 'Super Seven', NULL),
	(250, 14, 'other', 'other', NULL),
	(251, 15, '1500', '1500', NULL),
	(252, 15, '2500', '2500', NULL),
	(253, 15, '3500', '3500', NULL),
	(254, 15, 'Alero', 'Alero', NULL),
	(255, 15, 'Apache', 'Apache', NULL),
	(256, 15, 'Astro', 'Astro', NULL),
	(257, 15, 'Avalanche', 'Avalanche', NULL),
	(258, 15, 'Aveo', 'Aveo', NULL),
	(259, 15, 'Bel Air', 'Bel Air', NULL),
	(260, 15, 'Beretta', 'Beretta', NULL),
	(261, 15, 'Blazer', 'Blazer', NULL),
	(262, 15, 'C-10', 'C-10', NULL),
	(263, 15, 'C-20', 'C-20', NULL),
	(264, 15, 'C-30', 'C-30', NULL),
	(265, 15, 'Camaro', 'Camaro', NULL),
	(266, 15, 'Caprice', 'Caprice', NULL),
	(267, 15, 'Captiva', 'Captiva', NULL),
	(268, 15, 'Cavalier', 'Cavalier', NULL),
	(269, 15, 'Celebrity', 'Celebrity', NULL),
	(270, 15, 'Chevelle', 'Chevelle', NULL),
	(271, 15, 'Chevy Van', 'Chevy Van', NULL),
	(272, 15, 'Citation', 'Citation', NULL),
	(273, 15, 'Cobalt', 'Cobalt', NULL),
	(274, 15, 'Colorado', 'Colorado', NULL),
	(275, 15, 'Corsica', 'Corsica', NULL),
	(276, 15, 'Corvette', 'Corvette', NULL),
	(277, 15, 'Cruze', 'Cruze', NULL),
	(278, 15, 'El Camino', 'El Camino', NULL),
	(279, 15, 'Epica', 'Epica', NULL),
	(280, 15, 'Equinox', 'Equinox', NULL),
	(281, 15, 'Evanda', 'Evanda', NULL),
	(282, 15, 'Express', 'Express', NULL),
	(283, 15, 'G', 'G', NULL),
	(284, 15, 'HHR', 'HHR', NULL),
	(285, 15, 'Impala', 'Impala', NULL),
	(286, 15, 'K30', 'K30', NULL),
	(287, 15, 'K1500', 'K1500', NULL),
	(288, 15, 'Kalos', 'Kalos', NULL),
	(289, 15, 'Lacetti', 'Lacetti', NULL),
	(290, 15, 'Lumina', 'Lumina', NULL),
	(291, 15, 'Malibu', 'Malibu', NULL),
	(292, 15, 'Matiz', 'Matiz', NULL),
	(293, 15, 'Monte Carlo', 'Monte Carlo', NULL),
	(294, 15, 'Monza', 'Monza', NULL),
	(295, 15, 'Nova', 'Nova', NULL),
	(296, 15, 'Nubira', 'Nubira', NULL),
	(297, 15, 'Orlando', 'Orlando', NULL),
	(298, 15, 'Rezzo', 'Rezzo', NULL),
	(299, 15, 'S-10', 'S-10', NULL),
	(300, 15, 'SSR', 'SSR', NULL),
	(301, 15, 'Silverado', 'Silverado', NULL),
	(302, 15, 'Spark', 'Spark', NULL),
	(303, 15, 'Spectrum', 'Spectrum', NULL),
	(304, 15, 'Suburban', 'Suburban', NULL),
	(305, 15, 'Tacuma', 'Tacuma', NULL),
	(306, 15, 'Tahoe', 'Tahoe', NULL),
	(307, 15, 'Trailblazer', 'Trailblazer', NULL),
	(308, 15, 'Trans Sport', 'Trans Sport', NULL),
	(309, 15, 'Traverse', 'Traverse', NULL),
	(310, 15, 'Venture', 'Venture', NULL),
	(311, 15, 'Volt', 'Volt', NULL),
	(312, 15, 'other', 'other', NULL),
	(313, 16, '300C', '300C', NULL),
	(314, 16, '300M', '300M', NULL),
	(315, 16, 'Aspen', 'Aspen', NULL),
	(316, 16, 'Caravan', 'Caravan', NULL),
	(317, 16, 'Concorde', 'Concorde', NULL),
	(318, 16, 'Crossfire', 'Crossfire', NULL),
	(319, 16, 'Daytona', 'Daytona', NULL),
	(320, 16, 'ES', 'ES', NULL),
	(321, 16, 'GS', 'GS', NULL),
	(322, 16, 'GTS', 'GTS', NULL),
	(323, 16, 'Grand Voyager', 'Grand Voyager', NULL),
	(324, 16, 'LHS', 'LHS', NULL),
	(325, 16, 'Le Baron', 'Le Baron', NULL),
	(326, 16, 'Neon', 'Neon', NULL),
	(327, 16, 'New Yorker', 'New Yorker', NULL),
	(328, 16, 'PT Cruiser', 'PT Cruiser', NULL),
	(329, 16, 'Pacifica', 'Pacifica', NULL),
	(330, 16, 'Prowler', 'Prowler', NULL),
	(331, 16, 'Saratoga', 'Saratoga', NULL),
	(332, 16, 'Sebring', 'Sebring', NULL),
	(333, 16, 'Stratus', 'Stratus', NULL),
	(334, 16, 'Town & Country', 'Town & Country', NULL),
	(335, 16, 'Valiant', 'Valiant', NULL),
	(336, 16, 'Viper', 'Viper', NULL),
	(337, 16, 'Vision', 'Vision', NULL),
	(338, 16, 'Voyager', 'Voyager', NULL),
	(339, 16, 'other', 'other', NULL),
	(340, 17, '2 CV', '2 CV', NULL),
	(341, 17, 'AX', 'AX', NULL),
	(342, 17, 'Axel', 'Axel', NULL),
	(343, 17, 'BX', 'BX', NULL),
	(344, 17, 'Berlingo', 'Berlingo', NULL),
	(345, 17, 'C-Crosser', 'C-Crosser', NULL),
	(346, 17, 'C1', 'C1', NULL),
	(347, 17, 'C2', 'C2', NULL),
	(348, 17, 'C3', 'C3', NULL),
	(349, 17, 'C3 Picasso', 'C3 Picasso', NULL),
	(350, 17, 'C3 Pluriel', 'C3 Pluriel', NULL),
	(351, 17, 'C4', 'C4', NULL),
	(352, 17, 'C4 Picasso', 'C4 Picasso', NULL),
	(353, 17, 'C5', 'C5', NULL),
	(354, 17, 'C6', 'C6', NULL),
	(355, 17, 'C8', 'C8', NULL),
	(356, 17, 'CX', 'CX', NULL),
	(357, 17, 'DS', 'DS', NULL),
	(358, 17, 'Evasion', 'Evasion', NULL),
	(359, 17, 'GSA', 'GSA', NULL),
	(360, 17, 'Jumpy Combi', 'Jumpy Combi', NULL),
	(361, 17, 'Nemo', 'Nemo', NULL),
	(362, 17, 'SM', 'SM', NULL),
	(363, 17, 'Saxo', 'Saxo', NULL),
	(364, 17, 'Visa', 'Visa', NULL),
	(365, 17, 'XM', 'XM', NULL),
	(366, 17, 'Xantia', 'Xantia', NULL),
	(367, 17, 'Xsara', 'Xsara', NULL),
	(368, 17, 'Xsara Picasso', 'Xsara Picasso', NULL),
	(369, 17, 'ZX', 'ZX', NULL),
	(370, 17, 'other', 'other', NULL),
	(371, 18, 'S1', 'S1', NULL),
	(372, 19, '1300', '1300', NULL),
	(373, 19, '1310', '1310', NULL),
	(374, 19, '1400', '1400', NULL),
	(375, 19, '1410', '1410', NULL),
	(376, 19, 'Duster', 'Duster', NULL),
	(377, 19, 'Logan', 'Logan', NULL),
	(378, 19, 'Logan Van', 'Logan Van', NULL),
	(379, 19, 'Nova', 'Nova', NULL),
	(380, 19, 'Pick Up', 'Pick Up', NULL),
	(381, 19, 'Sandero', 'Sandero', NULL),
	(382, 19, 'Sandero Stepway', 'Sandero Stepway', NULL),
	(383, 19, 'Solenza', 'Solenza', NULL),
	(384, 19, 'Super Nova', 'Super Nova', NULL),
	(385, 19, 'other', 'other', NULL),
	(386, 20, 'Chairman', 'Chairman', NULL),
	(387, 20, 'Cielo', 'Cielo', NULL),
	(388, 20, 'Espero', 'Espero', NULL),
	(389, 20, 'Evanda', 'Evanda', NULL),
	(390, 20, 'Kalos', 'Kalos', NULL),
	(391, 20, 'Korando', 'Korando', NULL),
	(392, 20, 'Lacetti', 'Lacetti', NULL),
	(393, 20, 'Lanos', 'Lanos', NULL),
	(394, 20, 'Leganza', 'Leganza', NULL),
	(395, 20, 'Matiz', 'Matiz', NULL),
	(396, 20, 'Musso', 'Musso', NULL),
	(397, 20, 'Nexia', 'Nexia', NULL),
	(398, 20, 'Nubira', 'Nubira', NULL),
	(399, 20, 'Racer', 'Racer', NULL),
	(400, 20, 'Rezzo', 'Rezzo', NULL),
	(401, 20, 'Tacuma', 'Tacuma', NULL),
	(402, 20, 'Tico', 'Tico', NULL),
	(403, 20, 'other', 'other', NULL),
	(404, 21, 'Applause', 'Applause', NULL),
	(405, 21, 'Charade', 'Charade', NULL),
	(406, 21, 'Charmant', 'Charmant', NULL),
	(407, 21, 'Copen', 'Copen', NULL),
	(408, 21, 'Cuore', 'Cuore', NULL),
	(409, 21, 'Feroza', 'Feroza', NULL),
	(410, 21, 'Fourtrak', 'Fourtrak', NULL),
	(411, 21, 'Freeclimber', 'Freeclimber', NULL),
	(412, 21, 'Gran Move', 'Gran Move', NULL),
	(413, 21, 'Hijet', 'Hijet', NULL),
	(414, 21, 'Materia', 'Materia', NULL),
	(415, 21, 'More', 'More', NULL),
	(416, 21, 'Rocky', 'Rocky', NULL),
	(417, 21, 'Sirion', 'Sirion', NULL),
	(418, 21, 'Sportrak', 'Sportrak', NULL),
	(419, 21, 'Terios', 'Terios', NULL),
	(420, 21, 'Trevis', 'Trevis', NULL),
	(421, 21, 'YRV', 'YRV', NULL),
	(422, 21, 'other', 'other', NULL),
	(423, 22, 'DMC 12', 'DMC 12', NULL),
	(424, 22, 'other', 'other', NULL),
	(425, 23, 'other', 'other', NULL),
	(426, 24, 'Avenger', 'Avenger', NULL),
	(427, 24, 'Caliber', 'Caliber', NULL),
	(428, 24, 'Caravan', 'Caravan', NULL),
	(429, 24, 'Challenger', 'Challenger', NULL),
	(430, 24, 'Charger', 'Charger', NULL),
	(431, 24, 'Dakota', 'Dakota', NULL),
	(432, 24, 'Dart', 'Dart', NULL),
	(433, 24, 'Daytona', 'Daytona', NULL),
	(434, 24, 'Diplomat', 'Diplomat', NULL),
	(435, 24, 'Durango', 'Durango', NULL),
	(436, 24, 'Dynasty', 'Dynasty', NULL),
	(437, 24, 'Grand Caravan', 'Grand Caravan', NULL),
	(438, 24, 'Hornet', 'Hornet', NULL),
	(439, 24, 'Intrepid', 'Intrepid', NULL),
	(440, 24, 'Journey', 'Journey', NULL),
	(441, 24, 'Magnum', 'Magnum', NULL),
	(442, 24, 'Monaco', 'Monaco', NULL),
	(443, 24, 'Neon', 'Neon', NULL),
	(444, 24, 'Nitro', 'Nitro', NULL),
	(445, 24, 'Omni', 'Omni', NULL),
	(446, 24, 'RAM', 'RAM', NULL),
	(447, 24, 'Spirit', 'Spirit', NULL),
	(448, 24, 'Stealth', 'Stealth', NULL),
	(449, 24, 'Stratus', 'Stratus', NULL),
	(450, 24, 'Viper', 'Viper', NULL),
	(451, 24, 'other', 'other', NULL),
	(452, 25, 'Medallion', 'Medallion', NULL),
	(453, 25, 'Premier', 'Premier', NULL),
	(454, 25, 'Summit', 'Summit', NULL),
	(455, 25, 'Talon', 'Talon', NULL),
	(456, 25, 'Vision', 'Vision', NULL),
	(457, 25, 'other', 'other', NULL),
	(458, 26, '208', '208', NULL),
	(459, 26, '248', '248', NULL),
	(460, 26, '250', '250', NULL),
	(461, 26, '288', '288', NULL),
	(462, 26, '308', '308', NULL),
	(463, 26, '328', '328', NULL),
	(464, 26, '330', '330', NULL),
	(465, 26, '348', '348', NULL),
	(466, 26, '360', '360', NULL),
	(467, 26, '365', '365', NULL),
	(468, 26, '400', '400', NULL),
	(469, 26, '412', '412', NULL),
	(470, 26, '456', '456', NULL),
	(471, 26, '458 Italia', '458 Italia', NULL),
	(472, 26, '512', '512', NULL),
	(473, 26, '575', '575', NULL),
	(474, 26, '599GTB', '599GTB', NULL),
	(475, 26, '612', '612', NULL),
	(476, 26, '750', '750', NULL),
	(477, 26, 'California', 'California', NULL),
	(478, 26, 'Daytona', 'Daytona', NULL),
	(479, 26, 'Dino GT4', 'Dino GT4', NULL),
	(480, 26, 'Enzo', 'Enzo', NULL),
	(481, 26, 'F40', 'F40', NULL),
	(482, 26, 'F50', 'F50', NULL),
	(483, 26, 'F355', 'F355', NULL),
	(484, 26, 'F360', 'F360', NULL),
	(485, 26, 'F430', 'F430', NULL),
	(486, 26, 'F550', 'F550', NULL),
	(487, 26, 'Mondial', 'Mondial', NULL),
	(488, 26, 'Superamerica', 'Superamerica', NULL),
	(489, 26, 'Testarossa', 'Testarossa', NULL),
	(490, 26, 'other', 'other', NULL),
	(491, 27, '124', '124', NULL),
	(492, 27, '125p', '125p', NULL),
	(493, 27, '126', '126', NULL),
	(494, 27, '127', '127', NULL),
	(495, 27, '128', '128', NULL),
	(496, 27, '130', '130', NULL),
	(497, 27, '131', '131', NULL),
	(498, 27, '132', '132', NULL),
	(499, 27, '500', '500', NULL),
	(500, 27, '600', '600', NULL),
	(501, 27, '850', '850', NULL),
	(502, 27, 'Albea', 'Albea', NULL),
	(503, 27, 'Barchetta', 'Barchetta', NULL),
	(504, 27, 'Brava', 'Brava', NULL),
	(505, 27, 'Bravo', 'Bravo', NULL),
	(506, 27, 'Cinquecento', 'Cinquecento', NULL),
	(507, 27, 'Coupe', 'Coupe', NULL),
	(508, 27, 'Croma', 'Croma', NULL),
	(509, 27, 'Dino', 'Dino', NULL),
	(510, 27, 'Doblo', 'Doblo', NULL),
	(511, 27, 'Ducato', 'Ducato', NULL),
	(512, 27, 'Fiorino', 'Fiorino', NULL),
	(513, 27, 'Grande Punto', 'Grande Punto', NULL),
	(514, 27, 'Idea', 'Idea', NULL),
	(515, 27, 'Linea', 'Linea', NULL),
	(516, 27, 'Marea', 'Marea', NULL),
	(517, 27, 'Multipla', 'Multipla', NULL),
	(518, 27, 'Palio', 'Palio', NULL),
	(519, 27, 'Panda', 'Panda', NULL),
	(520, 27, 'Punto', 'Punto', NULL),
	(521, 27, 'Punto Evo', 'Punto Evo', NULL),
	(522, 27, 'Qubo', 'Qubo', NULL),
	(523, 27, 'Regata', 'Regata', NULL),
	(524, 27, 'Ritmo', 'Ritmo', NULL),
	(525, 27, 'Scudo', 'Scudo', NULL),
	(526, 27, 'Sedici', 'Sedici', NULL),
	(527, 27, 'Seicento', 'Seicento', NULL),
	(528, 27, 'Siena', 'Siena', NULL),
	(529, 27, 'Spider Europa', 'Spider Europa', NULL),
	(530, 27, 'Stilo', 'Stilo', NULL),
	(531, 27, 'Strada', 'Strada', NULL),
	(532, 27, 'Tempra', 'Tempra', NULL),
	(533, 27, 'Tipo', 'Tipo', NULL),
	(534, 27, 'Ulysse', 'Ulysse', NULL),
	(535, 27, 'Uno', 'Uno', NULL),
	(536, 27, 'X 1/9', 'X 1/9', NULL),
	(537, 27, 'other', 'other', NULL),
	(538, 28, 'Aerostar', 'Aerostar', NULL),
	(539, 28, 'Aspire', 'Aspire', NULL),
	(540, 28, 'Bronco', 'Bronco', NULL),
	(541, 28, 'C-MAX', 'C-MAX', NULL),
	(542, 28, 'Capri', 'Capri', NULL),
	(543, 28, 'Contour', 'Contour', NULL),
	(544, 28, 'Cougar', 'Cougar', NULL),
	(545, 28, 'Courier', 'Courier', NULL),
	(546, 28, 'Crown', 'Crown', NULL),
	(547, 28, 'EDGE', 'EDGE', NULL),
	(548, 28, 'Econoline', 'Econoline', NULL),
	(549, 28, 'Econovan', 'Econovan', NULL),
	(550, 28, 'Escape', 'Escape', NULL),
	(551, 28, 'Escort', 'Escort', NULL),
	(552, 28, 'Excursion', 'Excursion', NULL),
	(553, 28, 'Expedition', 'Expedition', NULL),
	(554, 28, 'Explorer', 'Explorer', NULL),
	(555, 28, 'F150', 'F150', NULL),
	(556, 28, 'F250', 'F250', NULL),
	(557, 28, 'F350', 'F350', NULL),
	(558, 28, 'FIVE HUNDRED', 'FIVE HUNDRED', NULL),
	(559, 28, 'Fairlane', 'Fairlane', NULL),
	(560, 28, 'Falcon', 'Falcon', NULL),
	(561, 28, 'Festiva', 'Festiva', NULL),
	(562, 28, 'Fiesta', 'Fiesta', NULL),
	(563, 28, 'Focus', 'Focus', NULL),
	(564, 28, 'Focus C-Max', 'Focus C-Max', NULL),
	(565, 28, 'Freestar', 'Freestar', NULL),
	(566, 28, 'Freestyle', 'Freestyle', NULL),
	(567, 28, 'Fusion', 'Fusion', NULL),
	(568, 28, 'GT', 'GT', NULL),
	(569, 28, 'Galaxy', 'Galaxy', NULL),
	(570, 28, 'Granada', 'Granada', NULL),
	(571, 28, 'KA', 'KA', NULL),
	(572, 28, 'Kuga', 'Kuga', NULL),
	(573, 28, 'Maverick', 'Maverick', NULL),
	(574, 28, 'Mercury', 'Mercury', NULL),
	(575, 28, 'Mondeo', 'Mondeo', NULL),
	(576, 28, 'Mustang', 'Mustang', NULL),
	(577, 28, 'Orion', 'Orion', NULL),
	(578, 28, 'Probe', 'Probe', NULL),
	(579, 28, 'Puma', 'Puma', NULL),
	(580, 28, 'Ranchero', 'Ranchero', NULL),
	(581, 28, 'Ranger', 'Ranger', NULL),
	(582, 28, 'S-Max', 'S-Max', NULL),
	(583, 28, 'Scorpio', 'Scorpio', NULL),
	(584, 28, 'Sierra', 'Sierra', NULL),
	(585, 28, 'Streetka', 'Streetka', NULL),
	(586, 28, 'Taunus', 'Taunus', NULL),
	(587, 28, 'Taurus', 'Taurus', NULL),
	(588, 28, 'Tempo', 'Tempo', NULL),
	(589, 28, 'Thunderbird', 'Thunderbird', NULL),
	(590, 28, 'Tourneo', 'Tourneo', NULL),
	(591, 28, 'Transit', 'Transit', NULL),
	(592, 28, 'Transit Connect', 'Transit Connect', NULL),
	(593, 28, 'Windstar', 'Windstar', NULL),
	(594, 28, 'other', 'other', NULL),
	(595, 29, 'Super Exceed', 'Super Exceed', NULL),
	(596, 29, 'other', 'other', NULL),
	(597, 30, '67', '67', NULL),
	(598, 30, '69', '69', NULL),
	(599, 30, 'other', 'other', NULL),
	(600, 31, 'Ck', 'Ck', NULL),
	(601, 32, 'Acadia', 'Acadia', NULL),
	(602, 32, 'Envoy', 'Envoy', NULL),
	(603, 32, 'Safari', 'Safari', NULL),
	(604, 32, 'Savana', 'Savana', NULL),
	(605, 32, 'Sierra', 'Sierra', NULL),
	(606, 32, 'Sonoma', 'Sonoma', NULL),
	(607, 32, 'Syclone', 'Syclone', NULL),
	(608, 32, 'Typhoon', 'Typhoon', NULL),
	(609, 32, 'Vandura', 'Vandura', NULL),
	(610, 32, 'Yukon', 'Yukon', NULL),
	(611, 32, 'other', 'other', NULL),
	(612, 33, 'Roadster', 'Roadster', NULL),
	(613, 34, 'Sonique', 'Sonique', NULL),
	(614, 35, 'Hover', 'Hover', NULL),
	(615, 36, 'Adventra', 'Adventra', NULL),
	(616, 36, 'Astra', 'Astra', NULL),
	(617, 36, 'Barina', 'Barina', NULL),
	(618, 36, 'Berlina', 'Berlina', NULL),
	(619, 36, 'Calais', 'Calais', NULL),
	(620, 36, 'Caprice', 'Caprice', NULL),
	(621, 36, 'Captiva', 'Captiva', NULL),
	(622, 36, 'Colorado', 'Colorado', NULL),
	(623, 36, 'Commodore', 'Commodore', NULL),
	(624, 36, 'Crewman', 'Crewman', NULL),
	(625, 36, 'Cruze', 'Cruze', NULL),
	(626, 36, 'Epica', 'Epica', NULL),
	(627, 36, 'Jackaroo', 'Jackaroo', NULL),
	(628, 36, 'Monaro', 'Monaro', NULL),
	(629, 36, 'Sportwagon', 'Sportwagon', NULL),
	(630, 36, 'Statesman', 'Statesman', NULL),
	(631, 36, 'Ute', 'Ute', NULL),
	(632, 36, 'Viva', 'Viva', NULL),
	(633, 37, 'Accord', 'Accord', NULL),
	(634, 37, 'Aerodeck', 'Aerodeck', NULL),
	(635, 37, 'CR-V', 'CR-V', NULL),
	(636, 37, 'CR-Z', 'CR-Z', NULL),
	(637, 37, 'CRX', 'CRX', NULL),
	(638, 37, 'City', 'City', NULL),
	(639, 37, 'Civic', 'Civic', NULL),
	(640, 37, 'Concerto', 'Concerto', NULL),
	(641, 37, 'Element', 'Element', NULL),
	(642, 37, 'FR-V', 'FR-V', NULL),
	(643, 37, 'HR-V', 'HR-V', NULL),
	(644, 37, 'Insight', 'Insight', NULL),
	(645, 37, 'Integra', 'Integra', NULL),
	(646, 37, 'Jazz', 'Jazz', NULL),
	(647, 37, 'Legend', 'Legend', NULL),
	(648, 37, 'Logo', 'Logo', NULL),
	(649, 37, 'NSX', 'NSX', NULL),
	(650, 37, 'Odyssey', 'Odyssey', NULL),
	(651, 37, 'Pilot', 'Pilot', NULL),
	(652, 37, 'Prelude', 'Prelude', NULL),
	(653, 37, 'Ridgeline', 'Ridgeline', NULL),
	(654, 37, 'S 2000', 'S 2000', NULL),
	(655, 37, 'Shuttle', 'Shuttle', NULL),
	(656, 37, 'Stream', 'Stream', NULL),
	(657, 37, 'other', 'other', NULL),
	(658, 38, 'H1', 'H1', NULL),
	(659, 38, 'H2', 'H2', NULL),
	(660, 38, 'H3', 'H3', NULL),
	(661, 38, 'other', 'other', NULL),
	(662, 39, 'Accent', 'Accent', NULL),
	(663, 39, 'Atos', 'Atos', NULL),
	(664, 39, 'Azera', 'Azera', NULL),
	(665, 39, 'Coupe', 'Coupe', NULL),
	(666, 39, 'Elantra', 'Elantra', NULL),
	(667, 39, 'Equus', 'Equus', NULL),
	(668, 39, 'Excel', 'Excel', NULL),
	(669, 39, 'Galloper', 'Galloper', NULL),
	(670, 39, 'Genesis', 'Genesis', NULL),
	(671, 39, 'Genesis Coupe', 'Genesis Coupe', NULL),
	(672, 39, 'Getz', 'Getz', NULL),
	(673, 39, 'Grandeur', 'Grandeur', NULL),
	(674, 39, 'H-1', 'H-1', NULL),
	(675, 39, 'H-1 Starex', 'H-1 Starex', NULL),
	(676, 39, 'H200', 'H200', NULL),
	(677, 39, 'Lantra', 'Lantra', NULL),
	(678, 39, 'Matrix', 'Matrix', NULL),
	(679, 39, 'Pony', 'Pony', NULL),
	(680, 39, 'S-Coupe', 'S-Coupe', NULL),
	(681, 39, 'Santa Fe', 'Santa Fe', NULL),
	(682, 39, 'Santamo', 'Santamo', NULL),
	(683, 39, 'Sonata', 'Sonata', NULL),
	(684, 39, 'Sonica', 'Sonica', NULL),
	(685, 39, 'Terracan', 'Terracan', NULL),
	(686, 39, 'Trajet', 'Trajet', NULL),
	(687, 39, 'Tucson', 'Tucson', NULL),
	(688, 39, 'Veracruz', 'Veracruz', NULL),
	(689, 39, 'XG 30', 'XG 30', NULL),
	(690, 39, 'XG 350', 'XG 350', NULL),
	(691, 39, 'other', 'other', NULL),
	(692, 39, 'i10', 'i10', NULL),
	(693, 39, 'i20', 'i20', NULL),
	(694, 39, 'i30', 'i30', NULL),
	(695, 39, 'ix20', 'ix20', NULL),
	(696, 39, 'ix35', 'ix35', NULL),
	(697, 39, 'ix55', 'ix55', NULL),
	(698, 40, 'EX', 'EX', NULL),
	(699, 40, 'EX 35', 'EX 35', NULL),
	(700, 40, 'EX 37', 'EX 37', NULL),
	(701, 40, 'FX', 'FX', NULL),
	(702, 40, 'FX30d', 'FX30d', NULL),
	(703, 40, 'FX 35', 'FX 35', NULL),
	(704, 40, 'FX 37', 'FX 37', NULL),
	(705, 40, 'FX 45', 'FX 45', NULL),
	(706, 40, 'FX 50', 'FX 50', NULL),
	(707, 40, 'G20', 'G20', NULL),
	(708, 40, 'G35', 'G35', NULL),
	(709, 40, 'G37', 'G37', NULL),
	(710, 40, 'I30', 'I30', NULL),
	(711, 40, 'I35', 'I35', NULL),
	(712, 40, 'J30', 'J30', NULL),
	(713, 40, 'M37', 'M37', NULL),
	(714, 40, 'M45', 'M45', NULL),
	(715, 40, 'Q45', 'Q45', NULL),
	(716, 40, 'QX56', 'QX56', NULL),
	(717, 40, 'other', 'other', NULL),
	(718, 40, 'm35', 'm35', NULL),
	(719, 41, 'Minitre', 'Minitre', NULL),
	(720, 42, 'Campo', 'Campo', NULL),
	(721, 42, 'D-Max', 'D-Max', NULL),
	(722, 42, 'Gemini', 'Gemini', NULL),
	(723, 42, 'Midi', 'Midi', NULL),
	(724, 42, 'Pick up', 'Pick up', NULL),
	(725, 42, 'Trooper', 'Trooper', NULL),
	(726, 42, 'other', 'other', NULL),
	(727, 43, 'Daimler', 'Daimler', NULL),
	(728, 43, 'E-Type', 'E-Type', NULL),
	(729, 43, 'MK II', 'MK II', NULL),
	(730, 43, 'S-Type', 'S-Type', NULL),
	(731, 43, 'S-Type R', 'S-Type R', NULL),
	(732, 43, 'X-Type', 'X-Type', NULL),
	(733, 43, 'XF', 'XF', NULL),
	(734, 43, 'XJ', 'XJ', NULL),
	(735, 43, 'XJ6', 'XJ6', NULL),
	(736, 43, 'XJ8', 'XJ8', NULL),
	(737, 43, 'XJ12', 'XJ12', NULL),
	(738, 43, 'XJ40', 'XJ40', NULL),
	(739, 43, 'XJR', 'XJR', NULL),
	(740, 43, 'XJS', 'XJS', NULL),
	(741, 43, 'XJSC', 'XJSC', NULL),
	(742, 43, 'XK', 'XK', NULL),
	(743, 43, 'XK8', 'XK8', NULL),
	(744, 43, 'XKR', 'XKR', NULL),
	(745, 43, 'other', 'other', NULL),
	(746, 44, 'CJ', 'CJ', NULL),
	(747, 44, 'Cherokee', 'Cherokee', NULL),
	(748, 44, 'Comanche', 'Comanche', NULL),
	(749, 44, 'Commander', 'Commander', NULL),
	(750, 44, 'Compass', 'Compass', NULL),
	(751, 44, 'Grand Cherokee', 'Grand Cherokee', NULL),
	(752, 44, 'Liberty', 'Liberty', NULL),
	(753, 44, 'Patriot', 'Patriot', NULL),
	(754, 44, 'Renegade', 'Renegade', NULL),
	(755, 44, 'Wagoneer', 'Wagoneer', NULL),
	(756, 44, 'Willys', 'Willys', NULL),
	(757, 44, 'Wrangler', 'Wrangler', NULL),
	(758, 44, 'other', 'other', NULL),
	(759, 45, '47', '47', NULL),
	(760, 45, 'other', 'other', NULL),
	(761, 46, 'Asia Rocsta', 'Asia Rocsta', NULL),
	(762, 46, 'Besta', 'Besta', NULL),
	(763, 46, 'Carens', 'Carens', NULL),
	(764, 46, 'Carnival', 'Carnival', NULL),
	(765, 46, 'Cee\'d', 'Cee\'d', NULL),
	(766, 46, 'Cerato', 'Cerato', NULL),
	(767, 46, 'Clarus', 'Clarus', NULL),
	(768, 46, 'Elan', 'Elan', NULL),
	(769, 46, 'Joice', 'Joice', NULL),
	(770, 46, 'Leo', 'Leo', NULL),
	(771, 46, 'Magentis', 'Magentis', NULL),
	(772, 46, 'Mentor', 'Mentor', NULL),
	(773, 46, 'Opirus', 'Opirus', NULL),
	(774, 46, 'Optima', 'Optima', NULL),
	(775, 46, 'Picanto', 'Picanto', NULL),
	(776, 46, 'Pregio', 'Pregio', NULL),
	(777, 46, 'Pride', 'Pride', NULL),
	(778, 46, 'Pro_cee\'d', 'Pro_cee\'d', NULL),
	(779, 46, 'Retona', 'Retona', NULL),
	(780, 46, 'Rio', 'Rio', NULL),
	(781, 46, 'Roadster', 'Roadster', NULL),
	(782, 46, 'Rocsta', 'Rocsta', NULL),
	(783, 46, 'Sedona', 'Sedona', NULL),
	(784, 46, 'Sephia', 'Sephia', NULL),
	(785, 46, 'Shuma', 'Shuma', NULL),
	(786, 46, 'Sorento', 'Sorento', NULL),
	(787, 46, 'Soul', 'Soul', NULL),
	(788, 46, 'Spectra', 'Spectra', NULL),
	(789, 46, 'Sportage', 'Sportage', NULL),
	(790, 46, 'Venga', 'Venga', NULL),
	(791, 46, 'other', 'other', NULL),
	(792, 47, '110', '110', NULL),
	(793, 47, '111', '111', NULL),
	(794, 47, '112', '112', NULL),
	(795, 47, '1117', '1117', NULL),
	(796, 47, '1118', '1118', NULL),
	(797, 47, '1119', '1119', NULL),
	(798, 47, '1200', '1200', NULL),
	(799, 47, '1300', '1300', NULL),
	(800, 47, '1500', '1500', NULL),
	(801, 47, '2101', '2101', NULL),
	(802, 47, '2103', '2103', NULL),
	(803, 47, '2104', '2104', NULL),
	(804, 47, '2105', '2105', NULL),
	(805, 47, '2106', '2106', NULL),
	(806, 47, '2107', '2107', NULL),
	(807, 47, '2108', '2108', NULL),
	(808, 47, '2109', '2109', NULL),
	(809, 47, '2110', '2110', NULL),
	(810, 47, '2111', '2111', NULL),
	(811, 47, '2112', '2112', NULL),
	(812, 47, '2170', '2170', NULL),
	(813, 47, 'Aleko', 'Aleko', NULL),
	(814, 47, 'Forma', 'Forma', NULL),
	(815, 47, 'Kalina', 'Kalina', NULL),
	(816, 47, 'Niva', 'Niva', NULL),
	(817, 47, 'Nova', 'Nova', NULL),
	(818, 47, 'Priora', 'Priora', NULL),
	(819, 47, 'Samara', 'Samara', NULL),
	(820, 47, 'other', 'other', NULL),
	(821, 48, 'Countach', 'Countach', NULL),
	(822, 48, 'Diablo', 'Diablo', NULL),
	(823, 48, 'Espada', 'Espada', NULL),
	(824, 48, 'Gallardo', 'Gallardo', NULL),
	(825, 48, 'Jalpa', 'Jalpa', NULL),
	(826, 48, 'LM', 'LM', NULL),
	(827, 48, 'Miura', 'Miura', NULL),
	(828, 48, 'Murcielago', 'Murcielago', NULL),
	(829, 48, 'Urraco', 'Urraco', NULL),
	(830, 48, 'other', 'other', NULL),
	(831, 49, 'Beta', 'Beta', NULL),
	(832, 49, 'Dedra', 'Dedra', NULL),
	(833, 49, 'Delta', 'Delta', NULL),
	(834, 49, 'Flamina', 'Flamina', NULL),
	(835, 49, 'Fulvia', 'Fulvia', NULL),
	(836, 49, 'Gamma', 'Gamma', NULL),
	(837, 49, 'Kappa', 'Kappa', NULL),
	(838, 49, 'Lybra', 'Lybra', NULL),
	(839, 49, 'Musa', 'Musa', NULL),
	(840, 49, 'Phedra', 'Phedra', NULL),
	(841, 49, 'Prisma', 'Prisma', NULL),
	(842, 49, 'Stratos', 'Stratos', NULL),
	(843, 49, 'Thema', 'Thema', NULL),
	(844, 49, 'Thesis', 'Thesis', NULL),
	(845, 49, 'Ypsilon', 'Ypsilon', NULL),
	(846, 49, 'Zeta', 'Zeta', NULL),
	(847, 49, 'other', 'other', NULL),
	(848, 50, 'Defender', 'Defender', NULL),
	(849, 50, 'Discovery', 'Discovery', NULL),
	(850, 50, 'Freelander', 'Freelander', NULL),
	(851, 50, 'Range Rover', 'Range Rover', NULL),
	(852, 50, 'Range Rover Evoque', 'Range Rover Evoque', NULL),
	(853, 50, 'Range Rover Sport', 'Range Rover Sport', NULL),
	(854, 50, 'other', 'other', NULL),
	(855, 51, 'CT', 'CT', NULL),
	(856, 51, 'GX470', 'GX470', NULL),
	(857, 51, 'ES300', 'ES300', NULL),
	(858, 51, 'ES330', 'ES330', NULL),
	(859, 51, 'ES350', 'ES350', NULL),
	(860, 51, 'GS300', 'GS300', NULL),
	(861, 51, 'GS350', 'GS350', NULL),
	(862, 51, 'GS400', 'GS400', NULL),
	(863, 51, 'GS430', 'GS430', NULL),
	(864, 51, 'GS450', 'GS450', NULL),
	(865, 51, 'GS460', 'GS460', NULL),
	(866, 51, 'GS470', 'GS470', NULL),
	(867, 51, 'IS-F', 'IS-F', NULL),
	(868, 51, 'IS200', 'IS200', NULL),
	(869, 51, 'IS220', 'IS220', NULL),
	(870, 51, 'IS250', 'IS250', NULL),
	(871, 51, 'IS300', 'IS300', NULL),
	(872, 51, 'IS350', 'IS350', NULL),
	(873, 51, 'LS400', 'LS400', NULL),
	(874, 51, 'LS430', 'LS430', NULL),
	(875, 51, 'LS460', 'LS460', NULL),
	(876, 51, 'LS600', 'LS600', NULL),
	(877, 51, 'LX470', 'LX470', NULL),
	(878, 51, 'LX570', 'LX570', NULL),
	(879, 51, 'RX300', 'RX300', NULL),
	(880, 51, 'RX330', 'RX330', NULL),
	(881, 51, 'RX350', 'RX350', NULL),
	(882, 51, 'RX400', 'RX400', NULL),
	(883, 51, 'RX450', 'RX450', NULL),
	(884, 51, 'SC400', 'SC400', NULL),
	(885, 51, 'SC430', 'SC430', NULL),
	(886, 51, 'other', 'other', NULL),
	(887, 52, 'Aviator', 'Aviator', NULL),
	(888, 52, 'Continental', 'Continental', NULL),
	(889, 52, 'LS', 'LS', NULL),
	(890, 52, 'MKX', 'MKX', NULL),
	(891, 52, 'MKZ', 'MKZ', NULL),
	(892, 52, 'Mark', 'Mark', NULL),
	(893, 52, 'Mark LT', 'Mark LT', NULL),
	(894, 52, 'Navigator', 'Navigator', NULL),
	(895, 52, 'Town Car', 'Town Car', NULL),
	(896, 52, 'other', 'other', NULL),
	(897, 53, '340R', '340R', NULL),
	(898, 53, 'Cortina', 'Cortina', NULL),
	(899, 53, 'Elan', 'Elan', NULL),
	(900, 53, 'Elise', 'Elise', NULL),
	(901, 53, 'Elite', 'Elite', NULL),
	(902, 53, 'Esprit', 'Esprit', NULL),
	(903, 53, 'Europa', 'Europa', NULL),
	(904, 53, 'Evora', 'Evora', NULL),
	(905, 53, 'Excel', 'Excel', NULL),
	(906, 53, 'Exige', 'Exige', NULL),
	(907, 53, 'Super Seven', 'Super Seven', NULL),
	(908, 53, 'V8', 'V8', NULL),
	(909, 53, 'other', 'other', NULL),
	(910, 54, 'Fairway', 'Fairway', NULL),
	(911, 54, 'TX2', 'TX2', NULL),
	(912, 54, 'TX4', 'TX4', NULL),
	(913, 55, 'other', 'other', NULL),
	(914, 56, 'Mantaray', 'Mantaray', NULL),
	(915, 57, '800', '800', NULL),
	(916, 57, 'inny', 'inny', NULL),
	(917, 58, '222', '222', NULL),
	(918, 58, '224', '224', NULL),
	(919, 58, '228', '228', NULL),
	(920, 58, '418', '418', NULL),
	(921, 58, '420', '420', NULL),
	(922, 58, '422', '422', NULL),
	(923, 58, '424', '424', NULL),
	(924, 58, '430', '430', NULL),
	(925, 58, '3200', '3200', NULL),
	(926, 58, '4200', '4200', NULL),
	(927, 58, 'Biturbo', 'Biturbo', NULL),
	(928, 58, 'Coupe', 'Coupe', NULL),
	(929, 58, 'Ghibli', 'Ghibli', NULL),
	(930, 58, 'GranCabrio', 'GranCabrio', NULL),
	(931, 58, 'GranTurismo', 'GranTurismo', NULL),
	(932, 58, 'Gransport', 'Gransport', NULL),
	(933, 58, 'Indy', 'Indy', NULL),
	(934, 58, 'Karif', 'Karif', NULL),
	(935, 58, 'MC12', 'MC12', NULL),
	(936, 58, 'MC Stradale', 'MC Stradale', NULL),
	(937, 58, 'Merak', 'Merak', NULL),
	(938, 58, 'Quattroporte', 'Quattroporte', NULL),
	(939, 58, 'Shamal', 'Shamal', NULL),
	(940, 58, 'Spyder', 'Spyder', NULL),
	(941, 58, 'other', 'other', NULL),
	(942, 59, '57', '57', NULL),
	(943, 59, '62', '62', NULL),
	(944, 59, 'other', 'other', NULL),
	(945, 60, '2', '2', NULL),
	(946, 60, '3', '3', NULL),
	(947, 60, '5', '5', NULL),
	(948, 60, '6', '6', NULL),
	(949, 60, '121', '121', NULL),
	(950, 60, '323', '323', NULL),
	(951, 60, '323F', '323F', NULL),
	(952, 60, '626', '626', NULL),
	(953, 60, '929', '929', NULL),
	(954, 60, 'BT-50', 'BT-50', NULL),
	(955, 60, 'Bongo', 'Bongo', NULL),
	(956, 60, 'CX-7', 'CX-7', NULL),
	(957, 60, 'CX-9', 'CX-9', NULL),
	(958, 60, 'Demio', 'Demio', NULL),
	(959, 60, 'MPV', 'MPV', NULL),
	(960, 60, 'MX-3', 'MX-3', NULL),
	(961, 60, 'MX-5', 'MX-5', NULL),
	(962, 60, 'MX-6', 'MX-6', NULL),
	(963, 60, 'Millenia', 'Millenia', NULL),
	(964, 60, 'Premacy', 'Premacy', NULL),
	(965, 60, 'Protege', 'Protege', NULL),
	(966, 60, 'RX-6', 'RX-6', NULL),
	(967, 60, 'RX-7', 'RX-7', NULL),
	(968, 60, 'RX-8', 'RX-8', NULL),
	(969, 60, 'Tribute', 'Tribute', NULL),
	(970, 60, 'Xedos', 'Xedos', NULL),
	(971, 60, 'other', 'other', NULL),
	(972, 61, '180', '180', NULL),
	(973, 61, '190', '190', NULL),
	(974, 61, '200', '200', NULL),
	(975, 61, '219', '219', NULL),
	(976, 61, '220', '220', NULL),
	(977, 61, '230', '230', NULL),
	(978, 61, '240', '240', NULL),
	(979, 61, '250', '250', NULL),
	(980, 61, '260', '260', NULL),
	(981, 61, '270', '270', NULL),
	(982, 61, '280', '280', NULL),
	(983, 61, '290', '290', NULL),
	(984, 61, '300', '300', NULL),
	(985, 61, '320', '320', NULL),
	(986, 61, '350', '350', NULL),
	(987, 61, '380', '380', NULL),
	(988, 61, '400', '400', NULL),
	(989, 61, '416', '416', NULL),
	(990, 61, '420', '420', NULL),
	(991, 61, '450', '450', NULL),
	(992, 61, '500', '500', NULL),
	(993, 61, '560', '560', NULL),
	(994, 61, '600', '600', NULL),
	(995, 61, 'CLC', 'CLC', NULL),
	(996, 61, 'A 140', 'A 140', NULL),
	(997, 61, 'A 150', 'A 150', NULL),
	(998, 61, 'A 160', 'A 160', NULL),
	(999, 61, 'A 170', 'A 170', NULL),
	(1000, 61, 'A 180', 'A 180', NULL),
	(1001, 61, 'A 190', 'A 190', NULL),
	(1002, 61, 'A 200', 'A 200', NULL),
	(1003, 61, 'A 210', 'A 210', NULL),
	(1004, 61, 'B 150', 'B 150', NULL),
	(1005, 61, 'B 170', 'B 170', NULL),
	(1006, 61, 'B 180', 'B 180', NULL),
	(1007, 61, 'B 200', 'B 200', NULL),
	(1008, 61, 'C 30 AMG', 'C 30 AMG', NULL),
	(1009, 61, 'C 32 AMG', 'C 32 AMG', NULL),
	(1010, 61, 'C 36 AMG', 'C 36 AMG', NULL),
	(1011, 61, 'C 43 AMG', 'C 43 AMG', NULL),
	(1012, 61, 'C 55 AMG', 'C 55 AMG', NULL),
	(1013, 61, 'C 63 AMG', 'C 63 AMG', NULL),
	(1014, 61, 'C 160', 'C 160', NULL),
	(1015, 61, 'C 180', 'C 180', NULL),
	(1016, 61, 'C 200', 'C 200', NULL),
	(1017, 61, 'C 220', 'C 220', NULL),
	(1018, 61, 'C 230', 'C 230', NULL),
	(1019, 61, 'C 240', 'C 240', NULL),
	(1020, 61, 'C 250', 'C 250', NULL),
	(1021, 61, 'C 270', 'C 270', NULL),
	(1022, 61, 'C 280', 'C 280', NULL),
	(1023, 61, 'C 320', 'C 320', NULL),
	(1024, 61, 'C 350', 'C 350', NULL),
	(1025, 61, 'CE 200', 'CE 200', NULL),
	(1026, 61, 'CE 220', 'CE 220', NULL),
	(1027, 61, 'CE 300', 'CE 300', NULL),
	(1028, 61, 'CL 55 AMG', 'CL 55 AMG', NULL),
	(1029, 61, 'CL 63 AMG', 'CL 63 AMG', NULL),
	(1030, 61, 'CL 65 AMG', 'CL 65 AMG', NULL),
	(1031, 61, 'CL 180', 'CL 180', NULL),
	(1032, 61, 'CL 200', 'CL 200', NULL),
	(1033, 61, 'CL 220', 'CL 220', NULL),
	(1034, 61, 'CL 230', 'CL 230', NULL),
	(1035, 61, 'CL 420', 'CL 420', NULL),
	(1036, 61, 'CL 500', 'CL 500', NULL),
	(1037, 61, 'CL 600', 'CL 600', NULL),
	(1038, 61, 'CLK 55 AMG', 'CLK 55 AMG', NULL),
	(1039, 61, 'CLK 63 AMG', 'CLK 63 AMG', NULL),
	(1040, 61, 'CLK 200', 'CLK 200', NULL),
	(1041, 61, 'CLK 220', 'CLK 220', NULL),
	(1042, 61, 'CLK 230', 'CLK 230', NULL),
	(1043, 61, 'CLK 240', 'CLK 240', NULL),
	(1044, 61, 'CLK 270', 'CLK 270', NULL),
	(1045, 61, 'CLK 280', 'CLK 280', NULL),
	(1046, 61, 'CLK 320', 'CLK 320', NULL),
	(1047, 61, 'CLK 350', 'CLK 350', NULL),
	(1048, 61, 'CLK 430', 'CLK 430', NULL),
	(1049, 61, 'CLK 500', 'CLK 500', NULL),
	(1050, 61, 'CLS 55 AMG', 'CLS 55 AMG', NULL),
	(1051, 61, 'CLS 63 AMG', 'CLS 63 AMG', NULL),
	(1052, 61, 'CLS 280', 'CLS 280', NULL),
	(1053, 61, 'CLS 320', 'CLS 320', NULL),
	(1054, 61, 'CLS 350', 'CLS 350', NULL),
	(1055, 61, 'CLS 500', 'CLS 500', NULL),
	(1056, 61, 'E 36 AMG', 'E 36 AMG', NULL),
	(1057, 61, 'E 50', 'E 50', NULL),
	(1058, 61, 'E 55', 'E 55', NULL),
	(1059, 61, 'E 60 AMG', 'E 60 AMG', NULL),
	(1060, 61, 'E 63 AMG', 'E 63 AMG', NULL),
	(1061, 61, 'E 200', 'E 200', NULL),
	(1062, 61, 'E 220', 'E 220', NULL),
	(1063, 61, 'E 230', 'E 230', NULL),
	(1064, 61, 'E 240', 'E 240', NULL),
	(1065, 61, 'E 250', 'E 250', NULL),
	(1066, 61, 'E 260', 'E 260', NULL),
	(1067, 61, 'E 270', 'E 270', NULL),
	(1068, 61, 'E 280', 'E 280', NULL),
	(1069, 61, 'E 290', 'E 290', NULL),
	(1070, 61, 'E 300', 'E 300', NULL),
	(1071, 61, 'E 320', 'E 320', NULL),
	(1072, 61, 'E 350', 'E 350', NULL),
	(1073, 61, 'E 400', 'E 400', NULL),
	(1074, 61, 'E 420', 'E 420', NULL),
	(1075, 61, 'E 430', 'E 430', NULL),
	(1076, 61, 'E 500', 'E 500', NULL),
	(1077, 61, 'G 55 AMG', 'G 55 AMG', NULL),
	(1078, 61, 'G 230', 'G 230', NULL),
	(1079, 61, 'G 240', 'G 240', NULL),
	(1080, 61, 'G 250', 'G 250', NULL),
	(1081, 61, 'G 270', 'G 270', NULL),
	(1082, 61, 'G 280', 'G 280', NULL),
	(1083, 61, 'G 290', 'G 290', NULL),
	(1084, 61, 'G 300', 'G 300', NULL),
	(1085, 61, 'G 320', 'G 320', NULL),
	(1086, 61, 'G 350', 'G 350', NULL),
	(1087, 61, 'G 400', 'G 400', NULL),
	(1088, 61, 'G 500', 'G 500', NULL),
	(1089, 61, 'GL 320', 'GL 320', NULL),
	(1090, 61, 'GL 350', 'GL 350', NULL),
	(1091, 61, 'GL 420', 'GL 420', NULL),
	(1092, 61, 'GL 450', 'GL 450', NULL),
	(1093, 61, 'GL 500', 'GL 500', NULL),
	(1094, 61, 'GLK 220', 'GLK 220', NULL),
	(1095, 61, 'GLK 250', 'GLK 250', NULL),
	(1096, 61, 'GLK 280', 'GLK 280', NULL),
	(1097, 61, 'GLK 320', 'GLK 320', NULL),
	(1098, 61, 'GLK 350', 'GLK 350', NULL),
	(1099, 61, 'ML 55 AMG', 'ML 55 AMG', NULL),
	(1100, 61, 'ML 63 AMG', 'ML 63 AMG', NULL),
	(1101, 61, 'ML 230', 'ML 230', NULL),
	(1102, 61, 'ML 270', 'ML 270', NULL),
	(1103, 61, 'ML 280', 'ML 280', NULL),
	(1104, 61, 'ML 300', 'ML 300', NULL),
	(1105, 61, 'ML 320', 'ML 320', NULL),
	(1106, 61, 'ML 350', 'ML 350', NULL),
	(1107, 61, 'ML 400', 'ML 400', NULL),
	(1108, 61, 'ML 420', 'ML 420', NULL),
	(1109, 61, 'ML 430', 'ML 430', NULL),
	(1110, 61, 'ML 500', 'ML 500', NULL),
	(1111, 61, 'R 63 AMG', 'R 63 AMG', NULL),
	(1112, 61, 'R 280', 'R 280', NULL),
	(1113, 61, 'R 320', 'R 320', NULL),
	(1114, 61, 'R 350', 'R 350', NULL),
	(1115, 61, 'R 500', 'R 500', NULL),
	(1116, 61, 'S 55 AMG', 'S 55 AMG', NULL),
	(1117, 61, 'S 63 AMG', 'S 63 AMG', NULL),
	(1118, 61, 'S 65 AMG', 'S 65 AMG', NULL),
	(1119, 61, 'S 260', 'S 260', NULL),
	(1120, 61, 'S 280', 'S 280', NULL),
	(1121, 61, 'S 300', 'S 300', NULL),
	(1122, 61, 'S 320', 'S 320', NULL),
	(1123, 61, 'S 350', 'S 350', NULL),
	(1124, 61, 'S 400', 'S 400', NULL),
	(1125, 61, 'S 420', 'S 420', NULL),
	(1126, 61, 'S 430', 'S 430', NULL),
	(1127, 61, 'S 450', 'S 450', NULL),
	(1128, 61, 'S 500', 'S 500', NULL),
	(1129, 61, 'S 600', 'S 600', NULL),
	(1130, 61, 'SL 55 AMG', 'SL 55 AMG', NULL),
	(1131, 61, 'SL 60 AMG', 'SL 60 AMG', NULL),
	(1132, 61, 'SL 63 AMG', 'SL 63 AMG', NULL),
	(1133, 61, 'SL 65 AMG', 'SL 65 AMG', NULL),
	(1134, 61, 'SL 70 AMG', 'SL 70 AMG', NULL),
	(1135, 61, 'SL 73 AMG', 'SL 73 AMG', NULL),
	(1136, 61, 'SL 230', 'SL 230', NULL),
	(1137, 61, 'SL 280', 'SL 280', NULL),
	(1138, 61, 'SL 300', 'SL 300', NULL),
	(1139, 61, 'SL 320', 'SL 320', NULL),
	(1140, 61, 'SL 350', 'SL 350', NULL),
	(1141, 61, 'SL 380', 'SL 380', NULL),
	(1142, 61, 'SL 420', 'SL 420', NULL),
	(1143, 61, 'SL 450', 'SL 450', NULL),
	(1144, 61, 'SL 500', 'SL 500', NULL),
	(1145, 61, 'SL 550', 'SL 550', NULL),
	(1146, 61, 'SL 560', 'SL 560', NULL),
	(1147, 61, 'SL 600', 'SL 600', NULL),
	(1148, 61, 'SLS 63 AMG', 'SLS 63 AMG', NULL),
	(1149, 61, 'SLK 32 AMG', 'SLK 32 AMG', NULL),
	(1150, 61, 'SLK 55 AMG', 'SLK 55 AMG', NULL),
	(1151, 61, 'SLK 200', 'SLK 200', NULL),
	(1152, 61, 'SLK 230', 'SLK 230', NULL),
	(1153, 61, 'SLK 280', 'SLK 280', NULL),
	(1154, 61, 'SLK 320', 'SLK 320', NULL),
	(1155, 61, 'SLK 350', 'SLK 350', NULL),
	(1156, 61, 'V 200', 'V 200', NULL),
	(1157, 61, 'V 220', 'V 220', NULL),
	(1158, 61, 'V 230', 'V 230', NULL),
	(1159, 61, 'V 280', 'V 280', NULL),
	(1160, 61, 'MB 100', 'MB 100', NULL),
	(1161, 61, 'Monarch', 'Monarch', NULL),
	(1162, 61, 'SLR', 'SLR', NULL),
	(1163, 61, 'Sprinter', 'Sprinter', NULL),
	(1164, 61, 'Vaneo', 'Vaneo', NULL),
	(1165, 61, 'Vario', 'Vario', NULL),
	(1166, 61, 'Viano', 'Viano', NULL),
	(1167, 61, 'Vito', 'Vito', NULL),
	(1168, 61, 'W123', 'W123', NULL),
	(1169, 61, 'W124', 'W124', NULL),
	(1170, 61, 'other', 'other', NULL),
	(1171, 62, 'Comet', 'Comet', NULL),
	(1172, 62, 'Cougar', 'Cougar', NULL),
	(1173, 62, 'Marauder', 'Marauder', NULL),
	(1174, 62, 'Mariner', 'Mariner', NULL),
	(1175, 62, 'Marquis', 'Marquis', NULL),
	(1176, 62, 'Milan', 'Milan', NULL),
	(1177, 62, 'Montego', 'Montego', NULL),
	(1178, 62, 'Monterey', 'Monterey', NULL),
	(1179, 62, 'Mountaineer', 'Mountaineer', NULL),
	(1180, 62, 'Sable', 'Sable', NULL),
	(1181, 62, 'Tracer', 'Tracer', NULL),
	(1182, 62, 'Villager', 'Villager', NULL),
	(1183, 62, 'Zephyr', 'Zephyr', NULL),
	(1184, 62, 'other', 'other', NULL),
	(1185, 63, 'F', 'F', NULL),
	(1186, 63, 'MGA', 'MGA', NULL),
	(1187, 63, 'MGB', 'MGB', NULL),
	(1188, 63, 'MGF', 'MGF', NULL),
	(1189, 63, 'Midget', 'Midget', NULL),
	(1190, 63, 'Montego', 'Montego', NULL),
	(1191, 63, 'TD', 'TD', NULL),
	(1192, 63, 'TF', 'TF', NULL),
	(1193, 63, 'ZR', 'ZR', NULL),
	(1194, 63, 'ZS', 'ZS', NULL),
	(1195, 63, 'ZT', 'ZT', NULL),
	(1196, 63, 'other', 'other', NULL),
	(1197, 64, 'M.GO', 'M.GO', NULL),
	(1198, 65, '1000', '1000', NULL),
	(1199, 65, '1300', '1300', NULL),
	(1200, 65, 'Clubman', 'Clubman', NULL),
	(1201, 65, 'Cooper', 'Cooper', NULL),
	(1202, 65, 'Cooper S', 'Cooper S', NULL),
	(1203, 65, 'Countryman', 'Countryman', NULL),
	(1204, 65, 'ONE', 'ONE', NULL),
	(1205, 65, 'other', 'other', NULL),
	(1206, 66, '3000 GT', '3000 GT', NULL),
	(1207, 66, 'ASX', 'ASX', NULL),
	(1208, 66, 'Canter', 'Canter', NULL),
	(1209, 66, 'Carisma', 'Carisma', NULL),
	(1210, 66, 'Colt', 'Colt', NULL),
	(1211, 66, 'Cordia', 'Cordia', NULL),
	(1212, 66, 'Cosmos', 'Cosmos', NULL),
	(1213, 66, 'Diamante', 'Diamante', NULL),
	(1214, 66, 'Eclipse', 'Eclipse', NULL),
	(1215, 66, 'Endeavor', 'Endeavor', NULL),
	(1216, 66, 'FTO', 'FTO', NULL),
	(1217, 66, 'Galant', 'Galant', NULL),
	(1218, 66, 'Galloper', 'Galloper', NULL),
	(1219, 66, 'Grandis', 'Grandis', NULL),
	(1220, 66, 'L200', 'L200', NULL),
	(1221, 66, 'L300', 'L300', NULL),
	(1222, 66, 'L400', 'L400', NULL),
	(1223, 66, 'Lancer', 'Lancer', NULL),
	(1224, 66, 'Lancer Evolution IX', 'Lancer Evolution IX', NULL),
	(1225, 66, 'Lancer Evolution VII', 'Lancer Evolution VII', NULL),
	(1226, 66, 'Lancer Evolution VIII', 'Lancer Evolution VIII', NULL),
	(1227, 66, 'Lancer Evolution X', 'Lancer Evolution X', NULL),
	(1228, 66, 'Montero', 'Montero', NULL),
	(1229, 66, 'Outlander', 'Outlander', NULL),
	(1230, 66, 'Pajero', 'Pajero', NULL),
	(1231, 66, 'Pajero Pinin', 'Pajero Pinin', NULL),
	(1232, 66, 'Santamo', 'Santamo', NULL),
	(1233, 66, 'Sapporo', 'Sapporo', NULL),
	(1234, 66, 'Sigma', 'Sigma', NULL),
	(1235, 66, 'Space Gear', 'Space Gear', NULL),
	(1236, 66, 'Space Runner', 'Space Runner', NULL),
	(1237, 66, 'Space Star', 'Space Star', NULL),
	(1238, 66, 'Space Wagon', 'Space Wagon', NULL),
	(1239, 66, 'Starion', 'Starion', NULL),
	(1240, 66, 'Tredia', 'Tredia', NULL),
	(1241, 66, 'other', 'other', NULL),
	(1242, 66, 'i-MiEV', 'i-MiEV', NULL),
	(1243, 67, 'Aero 8', 'Aero 8', NULL),
	(1244, 67, 'Plus 4', 'Plus 4', NULL),
	(1245, 67, 'Plus 8', 'Plus 8', NULL),
	(1246, 67, 'Roadster', 'Roadster', NULL),
	(1247, 67, 'other', 'other', NULL),
	(1248, 68, '400', '400', NULL),
	(1249, 68, '401', '401', NULL),
	(1250, 68, '402', '402', NULL),
	(1251, 68, '403', '403', NULL),
	(1252, 68, '404', '404', NULL),
	(1253, 68, '407', '407', NULL),
	(1254, 68, '408', '408', NULL),
	(1255, 68, '410', '410', NULL),
	(1256, 68, '411', '411', NULL),
	(1257, 68, '412', '412', NULL),
	(1258, 68, '415', '415', NULL),
	(1259, 68, '416', '416', NULL),
	(1260, 68, '420', '420', NULL),
	(1261, 68, '422', '422', NULL),
	(1262, 68, '423', '423', NULL),
	(1263, 68, '426', '426', NULL),
	(1264, 68, '427', '427', NULL),
	(1265, 68, '432', '432', NULL),
	(1266, 68, '433', '433', NULL),
	(1267, 68, '434', '434', NULL),
	(1268, 68, '444', '444', NULL),
	(1269, 68, '1500', '1500', NULL),
	(1270, 68, '2138', '2138', NULL),
	(1271, 68, '2140', '2140', NULL),
	(1272, 68, '2141', '2141', NULL),
	(1273, 68, '2142', '2142', NULL),
	(1274, 68, 'Aleko', 'Aleko', NULL),
	(1275, 68, 'G1', 'G1', NULL),
	(1276, 68, 'G2', 'G2', NULL),
	(1277, 68, 'G3', 'G3', NULL),
	(1278, 68, 'G4', 'G4', NULL),
	(1279, 68, 'G5', 'G5', NULL),
	(1280, 69, '100 NX', '100 NX', NULL),
	(1281, 69, '200 SX', '200 SX', NULL),
	(1282, 69, '240 SX', '240 SX', NULL),
	(1283, 69, '280 ZX', '280 ZX', NULL),
	(1284, 69, '300 ZX', '300 ZX', NULL),
	(1285, 69, '350 Z', '350 Z', NULL),
	(1286, 69, '370 Z', '370 Z', NULL),
	(1287, 69, 'Almera', 'Almera', NULL),
	(1288, 69, 'Almera Tino', 'Almera Tino', NULL),
	(1289, 69, 'Altima', 'Altima', NULL),
	(1290, 69, 'Armada', 'Armada', NULL),
	(1291, 69, 'Bluebird', 'Bluebird', NULL),
	(1292, 69, 'Cherry', 'Cherry', NULL),
	(1293, 69, 'Cube', 'Cube', NULL),
	(1294, 69, 'Frontier', 'Frontier', NULL),
	(1295, 69, 'GT-R', 'GT-R', NULL),
	(1296, 69, 'Interstar', 'Interstar', NULL),
	(1297, 69, 'Juke', 'Juke', NULL),
	(1298, 69, 'King Cab', 'King Cab', NULL),
	(1299, 69, 'Kubistar', 'Kubistar', NULL),
	(1300, 69, 'Laurel', 'Laurel', NULL),
	(1301, 69, 'Maxima', 'Maxima', NULL),
	(1302, 69, 'Micra', 'Micra', NULL),
	(1303, 69, 'Murano', 'Murano', NULL),
	(1304, 69, 'NP300 Pickup', 'NP300 Pickup', NULL),
	(1305, 69, 'NV200', 'NV200', NULL),
	(1306, 69, 'Navara', 'Navara', NULL),
	(1307, 69, 'New Micra', 'New Micra', NULL),
	(1308, 69, 'Note', 'Note', NULL),
	(1309, 69, 'Pathfinder', 'Pathfinder', NULL),
	(1310, 69, 'Patrol', 'Patrol', NULL),
	(1311, 69, 'Pickup', 'Pickup', NULL),
	(1312, 69, 'Pixo', 'Pixo', NULL),
	(1313, 69, 'Prairie', 'Prairie', NULL),
	(1314, 69, 'Primastar', 'Primastar', NULL),
	(1315, 69, 'Primera', 'Primera', NULL),
	(1316, 69, 'Qashqai', 'Qashqai', NULL),
	(1317, 69, 'Qashqai+2', 'Qashqai+2', NULL),
	(1318, 69, 'Quest', 'Quest', NULL),
	(1319, 69, 'Rogue', 'Rogue', NULL),
	(1320, 69, 'Sentra', 'Sentra', NULL),
	(1321, 69, 'Serena', 'Serena', NULL),
	(1322, 69, 'Silvia', 'Silvia', NULL),
	(1323, 69, 'Skyline', 'Skyline', NULL),
	(1324, 69, 'Stanza', 'Stanza', NULL),
	(1325, 69, 'Sunny', 'Sunny', NULL),
	(1326, 69, 'Terrano', 'Terrano', NULL),
	(1327, 69, 'Tiida', 'Tiida', NULL),
	(1328, 69, 'Titan', 'Titan', NULL),
	(1329, 69, 'Trade', 'Trade', NULL),
	(1330, 69, 'Urvan', 'Urvan', NULL),
	(1331, 69, 'Vanette', 'Vanette', NULL),
	(1332, 69, 'X-Trail', 'X-Trail', NULL),
	(1333, 69, 'Xterra', 'Xterra', NULL),
	(1334, 69, 'other', 'other', NULL),
	(1335, 70, '1000', '1000', NULL),
	(1336, 70, 'RO 80', 'RO 80', NULL),
	(1337, 70, 'other', 'other', NULL),
	(1338, 71, 'other', 'other', NULL),
	(1339, 72, 'Alero', 'Alero', NULL),
	(1340, 72, 'Aurora', 'Aurora', NULL),
	(1341, 72, 'Bravada', 'Bravada', NULL),
	(1342, 72, 'Custom Cruiser', 'Custom Cruiser', NULL),
	(1343, 72, 'Cutlass', 'Cutlass', NULL),
	(1344, 72, 'Delta 88', 'Delta 88', NULL),
	(1345, 72, 'Eighty - Eight', 'Eighty - Eight', NULL),
	(1346, 72, 'Intrigue', 'Intrigue', NULL),
	(1347, 72, 'Regency', 'Regency', NULL),
	(1348, 72, 'Silhouette', 'Silhouette', NULL),
	(1349, 72, 'Supreme', 'Supreme', NULL),
	(1350, 72, 'Toronado', 'Toronado', NULL),
	(1351, 72, 'other', 'other', NULL),
	(1352, 73, 'Club', 'Club', NULL),
	(1353, 73, 'Special', 'Special', NULL),
	(1354, 73, 'other', 'other', NULL),
	(1355, 74, 'Agila', 'Agila', NULL),
	(1356, 74, 'Antara', 'Antara', NULL),
	(1357, 74, 'Arena', 'Arena', NULL),
	(1358, 74, 'Ascona', 'Ascona', NULL),
	(1359, 74, 'Astra', 'Astra', NULL),
	(1360, 74, 'Calibra', 'Calibra', NULL),
	(1361, 74, 'Campo', 'Campo', NULL),
	(1362, 74, 'Combo', 'Combo', NULL),
	(1363, 74, 'Commodore', 'Commodore', NULL),
	(1364, 74, 'Corsa', 'Corsa', NULL),
	(1365, 74, 'Diplomat', 'Diplomat', NULL),
	(1366, 74, 'Frontera', 'Frontera', NULL),
	(1367, 74, 'GT', 'GT', NULL),
	(1368, 74, 'Insignia', 'Insignia', NULL),
	(1369, 74, 'Kadett', 'Kadett', NULL),
	(1370, 74, 'Manta', 'Manta', NULL),
	(1371, 74, 'Meriva', 'Meriva', NULL),
	(1372, 74, 'Monterey', 'Monterey', NULL),
	(1373, 74, 'Monza', 'Monza', NULL),
	(1374, 74, 'Movano', 'Movano', NULL),
	(1375, 74, 'Nova', 'Nova', NULL),
	(1376, 74, 'Omega', 'Omega', NULL),
	(1377, 74, 'Pick up Sportcap', 'Pick up Sportcap', NULL),
	(1378, 74, 'Rekord', 'Rekord', NULL),
	(1379, 74, 'Senator', 'Senator', NULL),
	(1380, 74, 'Signum', 'Signum', NULL),
	(1381, 74, 'Sintra', 'Sintra', NULL),
	(1382, 74, 'Speedster', 'Speedster', NULL),
	(1383, 74, 'Tigra', 'Tigra', NULL),
	(1384, 74, 'Vectra', 'Vectra', NULL),
	(1385, 74, 'Vivaro', 'Vivaro', NULL),
	(1386, 74, 'Zafira', 'Zafira', NULL),
	(1387, 74, 'other', 'other', NULL),
	(1388, 119, 'other', 'other', NULL),
	(1389, 75, '104', '104', NULL),
	(1390, 75, '106', '106', NULL),
	(1391, 75, '107', '107', NULL),
	(1392, 75, '204', '204', NULL),
	(1393, 75, '205', '205', NULL),
	(1394, 75, '206', '206', NULL),
	(1395, 75, '206 CC', '206 CC', NULL),
	(1396, 75, '206+', '206+', NULL),
	(1397, 75, '207', '207', NULL),
	(1398, 75, '207 CC', '207 CC', NULL),
	(1399, 75, '304', '304', NULL),
	(1400, 75, '305', '305', NULL),
	(1401, 75, '306', '306', NULL),
	(1402, 75, '307', '307', NULL),
	(1403, 75, '307 CC', '307 CC', NULL),
	(1404, 75, '307 SW', '307 SW', NULL),
	(1405, 75, '308', '308', NULL),
	(1406, 75, '309', '309', NULL),
	(1407, 75, '395', '395', NULL),
	(1408, 75, '404', '404', NULL),
	(1409, 75, '405', '405', NULL),
	(1410, 75, '406', '406', NULL),
	(1411, 75, '407', '407', NULL),
	(1412, 75, '504', '504', NULL),
	(1413, 75, '505', '505', NULL),
	(1414, 75, '508', '508', NULL),
	(1415, 75, '604', '604', NULL),
	(1416, 75, '605', '605', NULL),
	(1417, 75, '607', '607', NULL),
	(1418, 75, '806', '806', NULL),
	(1419, 75, '807', '807', NULL),
	(1420, 75, '1007', '1007', NULL),
	(1421, 75, '3008', '3008', NULL),
	(1422, 75, '4007', '4007', NULL),
	(1423, 75, '5008', '5008', NULL),
	(1424, 75, 'Bipper', 'Bipper', NULL),
	(1425, 75, 'Expert', 'Expert', NULL),
	(1426, 75, 'Partner', 'Partner', NULL),
	(1427, 75, 'RCZ', 'RCZ', NULL),
	(1428, 75, 'other', 'other', NULL),
	(1429, 76, 'Porter', 'Porter', NULL),
	(1430, 76, 'inny', 'inny', NULL),
	(1431, 77, 'Belvedere', 'Belvedere', NULL),
	(1432, 77, 'Caravelle', 'Caravelle', NULL),
	(1433, 77, 'Duster', 'Duster', NULL),
	(1434, 77, 'Fury', 'Fury', NULL),
	(1435, 77, 'GTX', 'GTX', NULL),
	(1436, 77, 'Gran Fury', 'Gran Fury', NULL),
	(1437, 77, 'Grand Voyager', 'Grand Voyager', NULL),
	(1438, 77, 'Horizon', 'Horizon', NULL),
	(1439, 77, 'Laser', 'Laser', NULL),
	(1440, 77, 'Prowler', 'Prowler', NULL),
	(1441, 77, 'Road Runner', 'Road Runner', NULL),
	(1442, 77, 'Satellite', 'Satellite', NULL),
	(1443, 77, 'Superbird', 'Superbird', NULL),
	(1444, 77, 'Turismo', 'Turismo', NULL),
	(1445, 77, 'Valiant', 'Valiant', NULL),
	(1446, 77, 'Voyager', 'Voyager', NULL),
	(1447, 77, 'other', 'other', NULL),
	(1448, 78, '1.5', '1.5', NULL),
	(1449, 78, '1.6', '1.6', NULL),
	(1450, 78, 'Atu', 'Atu', NULL),
	(1451, 78, 'Caro', 'Caro', NULL),
	(1452, 78, 'other', 'other', NULL),
	(1453, 79, '1000', '1000', NULL),
	(1454, 79, '6000', '6000', NULL),
	(1455, 79, 'Bonneville', 'Bonneville', NULL),
	(1456, 79, 'Catalina', 'Catalina', NULL),
	(1457, 79, 'Chieftain', 'Chieftain', NULL),
	(1458, 79, 'Fiero', 'Fiero', NULL),
	(1459, 79, 'Firebird / Trans Am', 'Firebird / Trans Am', NULL),
	(1460, 79, 'G6', 'G6', NULL),
	(1461, 79, 'GTO', 'GTO', NULL),
	(1462, 79, 'Grand-Am', 'Grand-Am', NULL),
	(1463, 79, 'Grand-Prix', 'Grand-Prix', NULL),
	(1464, 79, 'Le Mans', 'Le Mans', NULL),
	(1465, 79, 'Montana', 'Montana', NULL),
	(1466, 79, 'Solstice', 'Solstice', NULL),
	(1467, 79, 'Sunbird', 'Sunbird', NULL),
	(1468, 79, 'Sunfire', 'Sunfire', NULL),
	(1469, 79, 'Trans Am', 'Trans Am', NULL),
	(1470, 79, 'Trans Sport', 'Trans Sport', NULL),
	(1471, 79, 'Vibe', 'Vibe', NULL),
	(1472, 79, 'other', 'other', NULL),
	(1473, 80, '356', '356', NULL),
	(1474, 80, '911', '911', NULL),
	(1475, 80, '912', '912', NULL),
	(1476, 80, '914', '914', NULL),
	(1477, 80, '924', '924', NULL),
	(1478, 80, '928', '928', NULL),
	(1479, 80, '944', '944', NULL),
	(1480, 80, '959', '959', NULL),
	(1481, 80, '962', '962', NULL),
	(1482, 80, '968', '968', NULL),
	(1483, 80, 'Boxster', 'Boxster', NULL),
	(1484, 80, 'Carrera GT', 'Carrera GT', NULL),
	(1485, 80, 'Cayenne', 'Cayenne', NULL),
	(1486, 80, 'Cayenne GTS', 'Cayenne GTS', NULL),
	(1487, 80, 'Cayenne S', 'Cayenne S', NULL),
	(1488, 80, 'Cayenne Turbo', 'Cayenne Turbo', NULL),
	(1489, 80, 'Cayman', 'Cayman', NULL),
	(1490, 80, 'Panamera', 'Panamera', NULL),
	(1491, 80, 'other', 'other', NULL),
	(1492, 81, 'other', 'other', NULL),
	(1493, 82, 'Magnum', 'Magnum', NULL),
	(1494, 83, '4', '4', NULL),
	(1495, 83, '5', '5', NULL),
	(1496, 83, '8', '8', NULL),
	(1497, 83, '9', '9', NULL),
	(1498, 83, '10', '10', NULL),
	(1499, 83, '11', '11', NULL),
	(1500, 83, '12', '12', NULL),
	(1501, 83, '14', '14', NULL),
	(1502, 83, '18', '18', NULL),
	(1503, 83, '19', '19', NULL),
	(1504, 83, '20', '20', NULL),
	(1505, 83, '21', '21', NULL),
	(1506, 83, '25', '25', NULL),
	(1507, 83, '30', '30', NULL),
	(1508, 83, 'Alpine A110', 'Alpine A110', NULL),
	(1509, 83, 'Alpine A310', 'Alpine A310', NULL),
	(1510, 83, 'Alpine V6', 'Alpine V6', NULL),
	(1511, 83, 'Avantime', 'Avantime', NULL),
	(1512, 83, 'Clio', 'Clio', NULL),
	(1513, 83, 'Coupe', 'Coupe', NULL),
	(1514, 83, 'Espace', 'Espace', NULL),
	(1515, 83, 'Express', 'Express', NULL),
	(1516, 83, 'Fluence', 'Fluence', NULL),
	(1517, 83, 'Fuego', 'Fuego', NULL),
	(1518, 83, 'Grand Espace', 'Grand Espace', NULL),
	(1519, 83, 'Grand Scenic', 'Grand Scenic', NULL),
	(1520, 83, 'Kangoo', 'Kangoo', NULL),
	(1521, 83, 'Koleos', 'Koleos', NULL),
	(1522, 83, 'Laguna', 'Laguna', NULL),
	(1523, 83, 'Latitude', 'Latitude', NULL),
	(1524, 83, 'Megane', 'Megane', NULL),
	(1525, 83, 'Modus', 'Modus', NULL),
	(1526, 83, 'Safrane', 'Safrane', NULL),
	(1527, 83, 'Scenic', 'Scenic', NULL),
	(1528, 83, 'Scenic Conquest', 'Scenic Conquest', NULL),
	(1529, 83, 'Scenic RX4', 'Scenic RX4', NULL),
	(1530, 83, 'Symbol', 'Symbol', NULL),
	(1531, 83, 'Thalia', 'Thalia', NULL),
	(1532, 83, 'Trafic', 'Trafic', NULL),
	(1533, 83, 'Twingo', 'Twingo', NULL),
	(1534, 83, 'Vel Satis', 'Vel Satis', NULL),
	(1535, 83, 'other', 'other', NULL),
	(1536, 84, 'Corniche', 'Corniche', NULL),
	(1537, 84, 'Flying Spur', 'Flying Spur', NULL),
	(1538, 84, 'Park Ward', 'Park Ward', NULL),
	(1539, 84, 'Phantom', 'Phantom', NULL),
	(1540, 84, 'Silver Cloud', 'Silver Cloud', NULL),
	(1541, 84, 'Silver Down', 'Silver Down', NULL),
	(1542, 84, 'Silver Seraph', 'Silver Seraph', NULL),
	(1543, 84, 'Silver Shadow', 'Silver Shadow', NULL),
	(1544, 84, 'Silver Spirit', 'Silver Spirit', NULL),
	(1545, 84, 'Silver Spur', 'Silver Spur', NULL),
	(1546, 84, 'Touring Limousine', 'Touring Limousine', NULL),
	(1547, 84, 'other', 'other', NULL),
	(1548, 85, '25', '25', NULL),
	(1549, 85, '45', '45', NULL),
	(1550, 85, '75', '75', NULL),
	(1551, 85, '100', '100', NULL),
	(1552, 85, '111', '111', NULL),
	(1553, 85, '114', '114', NULL),
	(1554, 85, '115', '115', NULL),
	(1555, 85, '200', '200', NULL),
	(1556, 85, '213', '213', NULL),
	(1557, 85, '214', '214', NULL),
	(1558, 85, '216', '216', NULL),
	(1559, 85, '218', '218', NULL),
	(1560, 85, '220', '220', NULL),
	(1561, 85, '400', '400', NULL),
	(1562, 85, '414', '414', NULL),
	(1563, 85, '416', '416', NULL),
	(1564, 85, '418', '418', NULL),
	(1565, 85, '420', '420', NULL),
	(1566, 85, '600', '600', NULL),
	(1567, 85, '618', '618', NULL),
	(1568, 85, '620', '620', NULL),
	(1569, 85, '623', '623', NULL),
	(1570, 85, '800', '800', NULL),
	(1571, 85, '820', '820', NULL),
	(1572, 85, '825', '825', NULL),
	(1573, 85, '827', '827', NULL),
	(1574, 85, 'City Rover', 'City Rover', NULL),
	(1575, 85, 'MG', 'MG', NULL),
	(1576, 85, 'Metro', 'Metro', NULL),
	(1577, 85, 'Mini', 'Mini', NULL),
	(1578, 85, 'Montego', 'Montego', NULL),
	(1579, 85, 'SD', 'SD', NULL),
	(1580, 85, 'Streetwise', 'Streetwise', NULL),
	(1581, 85, 'other', 'other', NULL),
	(1582, 86, '9-2X', '9-2X', NULL),
	(1583, 86, '9-3', '9-3', NULL),
	(1584, 86, '9-3X SportKombi', '9-3X SportKombi', NULL),
	(1585, 86, '9-5', '9-5', NULL),
	(1586, 86, '9-7X', '9-7X', NULL),
	(1587, 86, '90', '90', NULL),
	(1588, 86, '96', '96', NULL),
	(1589, 86, '99', '99', NULL),
	(1590, 86, '900', '900', NULL),
	(1591, 86, '9000', '9000', NULL),
	(1592, 86, 'other', 'other', NULL),
	(1593, 87, 'PS-10', 'PS-10', NULL),
	(1594, 87, 'PS-300', 'PS-300', NULL),
	(1595, 87, 'PS-350', 'PS-350', NULL),
	(1596, 87, 'other', 'other', NULL),
	(1597, 88, 'Astra', 'Astra', NULL),
	(1598, 88, 'Aura', 'Aura', NULL),
	(1599, 88, 'ION Quad Coupe', 'ION Quad Coupe', NULL),
	(1600, 88, 'ION Sedan', 'ION Sedan', NULL),
	(1601, 88, 'Outlook', 'Outlook', NULL),
	(1602, 88, 'Relay', 'Relay', NULL),
	(1603, 88, 'SC', 'SC', NULL),
	(1604, 88, 'SL', 'SL', NULL),
	(1605, 88, 'SW', 'SW', NULL),
	(1606, 88, 'Sky', 'Sky', NULL),
	(1607, 88, 'VUE', 'VUE', NULL),
	(1608, 88, 'other', 'other', NULL),
	(1609, 89, 'tC', 'tC', NULL),
	(1610, 89, 'xA', 'xA', NULL),
	(1611, 89, 'xB', 'xB', NULL),
	(1612, 89, 'xD', 'xD', NULL),
	(1613, 90, 'Alhambra', 'Alhambra', NULL),
	(1614, 90, 'Altea', 'Altea', NULL),
	(1615, 90, 'Arosa', 'Arosa', NULL),
	(1616, 90, 'Cordoba', 'Cordoba', NULL),
	(1617, 90, 'Exeo', 'Exeo', NULL),
	(1618, 90, 'Ibiza', 'Ibiza', NULL),
	(1619, 90, 'Inca', 'Inca', NULL),
	(1620, 90, 'Leon', 'Leon', NULL),
	(1621, 90, 'Malaga', 'Malaga', NULL),
	(1622, 90, 'Marbella', 'Marbella', NULL),
	(1623, 90, 'Ronda', 'Ronda', NULL),
	(1624, 90, 'Terra', 'Terra', NULL),
	(1625, 90, 'Toledo', 'Toledo', NULL),
	(1626, 90, 'other', 'other', NULL),
	(1627, 91, 'Sceo', 'Sceo', NULL),
	(1628, 97, '100', '100', NULL),
	(1629, 97, '105', '105', NULL),
	(1630, 97, '120', '120', NULL),
	(1631, 97, '130', '130', NULL),
	(1632, 97, '135', '135', NULL),
	(1633, 97, 'Fabia', 'Fabia', NULL),
	(1634, 97, 'Favorit', 'Favorit', NULL),
	(1635, 97, 'Felicia', 'Felicia', NULL),
	(1636, 97, 'Forman', 'Forman', NULL),
	(1637, 97, 'Octavia', 'Octavia', NULL),
	(1638, 97, 'RAPID', 'RAPID', NULL),
	(1639, 97, 'Roomster', 'Roomster', NULL),
	(1640, 97, 'Superb', 'Superb', NULL),
	(1641, 97, 'Yeti', 'Yeti', NULL),
	(1642, 97, 'other', 'other', NULL),
	(1643, 92, 'Crossblade', 'Crossblade', NULL),
	(1644, 92, 'Forfour', 'Forfour', NULL),
	(1645, 92, 'Fortwo', 'Fortwo', NULL),
	(1646, 92, 'Roadster', 'Roadster', NULL),
	(1647, 92, 'Roomster', 'Roomster', NULL),
	(1648, 92, 'other', 'other', NULL),
	(1649, 93, 'Actyon', 'Actyon', NULL),
	(1650, 93, 'Family', 'Family', NULL),
	(1651, 93, 'Korrando', 'Korrando', NULL),
	(1652, 93, 'Kyron', 'Kyron', NULL),
	(1653, 93, 'MUSSO', 'MUSSO', NULL),
	(1654, 93, 'REXTON', 'REXTON', NULL),
	(1655, 93, 'Rodius', 'Rodius', NULL),
	(1656, 93, 'other', 'other', NULL),
	(1657, 94, '1800 Coupe', '1800 Coupe', NULL),
	(1658, 94, 'B9 Tribeca', 'B9 Tribeca', NULL),
	(1659, 94, 'Baja', 'Baja', NULL),
	(1660, 94, 'Forester', 'Forester', NULL),
	(1661, 94, 'G3X Justy', 'G3X Justy', NULL),
	(1662, 94, 'Impreza', 'Impreza', NULL),
	(1663, 94, 'Justy', 'Justy', NULL),
	(1664, 94, 'Legacy', 'Legacy', NULL),
	(1665, 94, 'Leone', 'Leone', NULL),
	(1666, 94, 'OUTBACK', 'OUTBACK', NULL),
	(1667, 94, 'SVX', 'SVX', NULL),
	(1668, 94, 'Trezia', 'Trezia', NULL),
	(1669, 94, 'Tribeca', 'Tribeca', NULL),
	(1670, 94, 'Vivio', 'Vivio', NULL),
	(1671, 94, 'XT', 'XT', NULL),
	(1672, 94, 'other', 'other', NULL),
	(1673, 95, 'Alto', 'Alto', NULL),
	(1674, 95, 'Baleno', 'Baleno', NULL),
	(1675, 95, 'Cappucino', 'Cappucino', NULL),
	(1676, 95, 'Carry', 'Carry', NULL),
	(1677, 95, 'Grand Vitara', 'Grand Vitara', NULL),
	(1678, 95, 'Ignis', 'Ignis', NULL),
	(1679, 95, 'Jimny', 'Jimny', NULL),
	(1680, 95, 'Kizashi', 'Kizashi', NULL),
	(1681, 95, 'LJ', 'LJ', NULL),
	(1682, 95, 'Liana', 'Liana', NULL),
	(1683, 95, 'Reno', 'Reno', NULL),
	(1684, 95, 'SJ', 'SJ', NULL),
	(1685, 95, 'SX4', 'SX4', NULL),
	(1686, 95, 'Samurai', 'Samurai', NULL),
	(1687, 95, 'Splash', 'Splash', NULL),
	(1688, 95, 'Super-Carry', 'Super-Carry', NULL),
	(1689, 95, 'Swift', 'Swift', NULL),
	(1690, 95, 'Vitara', 'Vitara', NULL),
	(1691, 95, 'Wagon R+', 'Wagon R+', NULL),
	(1692, 95, 'X-90', 'X-90', NULL),
	(1693, 95, 'XL7', 'XL7', NULL),
	(1694, 95, 'other', 'other', NULL),
	(1695, 96, '101', '101', NULL),
	(1696, 96, '102', '102', NULL),
	(1697, 96, '103', '103', NULL),
	(1698, 96, '104', '104', NULL),
	(1699, 96, '105', '105', NULL),
	(1700, 96, 'Bosto', 'Bosto', NULL),
	(1701, 96, 'R-20', 'R-20', NULL),
	(1702, 96, 'other', 'other', NULL),
	(1703, 98, 'Horizon', 'Horizon', NULL),
	(1704, 98, 'Rancho', 'Rancho', NULL),
	(1705, 98, 'Samba', 'Samba', NULL),
	(1706, 98, 'other', 'other', NULL),
	(1707, 99, '233', '233', NULL),
	(1708, 99, '235', '235', NULL),
	(1709, 99, '237', '237', NULL),
	(1710, 99, 'Honker', 'Honker', NULL),
	(1711, 99, 'other', 'other', NULL),
	(1712, 100, 'Indica', 'Indica', NULL),
	(1713, 100, 'Indigo', 'Indigo', NULL),
	(1714, 100, 'Nano', 'Nano', NULL),
	(1715, 100, 'Safari', 'Safari', NULL),
	(1716, 100, 'Xenon', 'Xenon', NULL),
	(1717, 100, 'other', 'other', NULL),
	(1718, 101, 'T613', 'T613', NULL),
	(1719, 101, 'T613-4', 'T613-4', NULL),
	(1720, 101, 'T700', 'T700', NULL),
	(1721, 101, 'other', 'other', NULL),
	(1722, 102, 'ZAZ 1102', 'ZAZ 1102', NULL),
	(1723, 102, 'ZAZ 1103', 'ZAZ 1103', NULL),
	(1724, 102, 'ZAZ 1105', 'ZAZ 1105', NULL),
	(1725, 102, 'other', 'other', NULL),
	(1726, 103, 'Roadster', 'Roadster', NULL),
	(1727, 104, '4-Runner', '4-Runner', NULL),
	(1728, 104, 'Auris', 'Auris', NULL),
	(1729, 104, 'Avalon', 'Avalon', NULL),
	(1730, 104, 'Avensis', 'Avensis', NULL),
	(1731, 104, 'Avensis Verso', 'Avensis Verso', NULL),
	(1732, 104, 'Aygo', 'Aygo', NULL),
	(1733, 104, 'Camry', 'Camry', NULL),
	(1734, 104, 'Camry Solara', 'Camry Solara', NULL),
	(1735, 104, 'Carina', 'Carina', NULL),
	(1736, 104, 'Celica', 'Celica', NULL),
	(1737, 104, 'Corolla', 'Corolla', NULL),
	(1738, 104, 'Corolla Verso', 'Corolla Verso', NULL),
	(1739, 104, 'Cressida', 'Cressida', NULL),
	(1740, 104, 'Crown', 'Crown', NULL),
	(1741, 104, 'Dyna', 'Dyna', NULL),
	(1742, 104, 'FJ', 'FJ', NULL),
	(1743, 104, 'Hiace', 'Hiace', NULL),
	(1744, 104, 'Highlander', 'Highlander', NULL),
	(1745, 104, 'Hilux', 'Hilux', NULL),
	(1746, 104, 'Land Cruiser', 'Land Cruiser', NULL),
	(1747, 104, 'Lite-Ace', 'Lite-Ace', NULL),
	(1748, 104, 'MR2', 'MR2', NULL),
	(1749, 104, 'Matrix', 'Matrix', NULL),
	(1750, 104, 'Paseo', 'Paseo', NULL),
	(1751, 104, 'Picnic', 'Picnic', NULL),
	(1752, 104, 'Previa', 'Previa', NULL),
	(1753, 104, 'Prius', 'Prius', NULL),
	(1754, 104, 'RAV-4', 'RAV-4', NULL),
	(1755, 104, 'Sequoia', 'Sequoia', NULL),
	(1756, 104, 'Sienna', 'Sienna', NULL),
	(1757, 104, 'Starlet', 'Starlet', NULL),
	(1758, 104, 'Supra', 'Supra', NULL),
	(1759, 104, 'Tacoma', 'Tacoma', NULL),
	(1760, 104, 'Tercel', 'Tercel', NULL),
	(1761, 104, 'Tundra', 'Tundra', NULL),
	(1762, 104, 'Urban Cruiser', 'Urban Cruiser', NULL),
	(1763, 104, 'Venza', 'Venza', NULL),
	(1764, 104, 'Verso', 'Verso', NULL),
	(1765, 104, 'Yaris', 'Yaris', NULL),
	(1766, 104, 'Yaris Verso', 'Yaris Verso', NULL),
	(1767, 104, 'other', 'other', NULL),
	(1768, 104, 'iQ', 'iQ', NULL),
	(1769, 105, '601', '601', NULL),
	(1770, 105, 'P 50/60', 'P 50/60', NULL),
	(1771, 105, 'other', 'other', NULL),
	(1772, 106, 'Dolomite', 'Dolomite', NULL),
	(1773, 106, 'Moss', 'Moss', NULL),
	(1774, 106, 'Spitfire', 'Spitfire', NULL),
	(1775, 106, 'TR3', 'TR3', NULL),
	(1776, 106, 'TR4', 'TR4', NULL),
	(1777, 106, 'TR5', 'TR5', NULL),
	(1778, 106, 'TR6', 'TR6', NULL),
	(1779, 106, 'TR7', 'TR7', NULL),
	(1780, 106, 'TR8', 'TR8', NULL),
	(1781, 106, 'other', 'other', NULL),
	(1782, 107, 'Cerbera', 'Cerbera', NULL),
	(1783, 107, 'Chimaera', 'Chimaera', NULL),
	(1784, 107, 'Griffith', 'Griffith', NULL),
	(1785, 107, 'Tamora', 'Tamora', NULL),
	(1786, 107, 'Tasmin', 'Tasmin', NULL),
	(1787, 107, 'Tuscan', 'Tuscan', NULL),
	(1788, 107, 'Vixen', 'Vixen', NULL),
	(1789, 107, 'other', 'other', NULL),
	(1790, 108, '452', '452', NULL),
	(1791, 108, '469 B', '469 B', NULL),
	(1792, 108, '3153', '3153', NULL),
	(1793, 108, '3162', '3162', NULL),
	(1794, 108, 'other', 'other', NULL),
	(1795, 109, 'Astra', 'Astra', NULL),
	(1796, 109, 'Frontera', 'Frontera', NULL),
	(1797, 109, 'Omega', 'Omega', NULL),
	(1798, 109, 'Vectra', 'Vectra', NULL),
	(1799, 110, '181', '181', NULL),
	(1800, 110, 'Amarok', 'Amarok', NULL),
	(1801, 110, 'Beetle', 'Beetle', NULL),
	(1802, 110, 'Bora', 'Bora', NULL),
	(1803, 110, 'Buggy', 'Buggy', NULL),
	(1804, 110, 'Caddy', 'Caddy', NULL),
	(1805, 110, 'California', 'California', NULL),
	(1806, 110, 'Caravelle', 'Caravelle', NULL),
	(1807, 110, 'Corrado', 'Corrado', NULL),
	(1808, 110, 'Eos', 'Eos', NULL),
	(1809, 110, 'Fox', 'Fox', NULL),
	(1810, 110, 'Garbus', 'Garbus', NULL),
	(1811, 110, 'Golf', 'Golf', NULL),
	(1812, 110, 'Golf Plus', 'Golf Plus', NULL),
	(1813, 110, 'Iltis', 'Iltis', NULL),
	(1814, 110, 'Jetta', 'Jetta', NULL),
	(1815, 110, 'Kafer', 'Kafer', NULL),
	(1816, 110, 'Karmann Ghia', 'Karmann Ghia', NULL),
	(1817, 110, 'Lupo', 'Lupo', NULL),
	(1818, 110, 'Multivan', 'Multivan', NULL),
	(1819, 110, 'New Beetle', 'New Beetle', NULL),
	(1820, 110, 'Passat', 'Passat', NULL),
	(1821, 110, 'Passat CC', 'Passat CC', NULL),
	(1822, 110, 'Phaeton', 'Phaeton', NULL),
	(1823, 110, 'Polo', 'Polo', NULL),
	(1824, 110, 'Santana', 'Santana', NULL),
	(1825, 110, 'Scirocco', 'Scirocco', NULL),
	(1826, 110, 'Sharan', 'Sharan', NULL),
	(1827, 110, 'Tiguan', 'Tiguan', NULL),
	(1828, 110, 'Touareg', 'Touareg', NULL),
	(1829, 110, 'Touran', 'Touran', NULL),
	(1830, 110, 'Transporter', 'Transporter', NULL),
	(1831, 110, 'Vento', 'Vento', NULL),
	(1832, 110, 'other', 'other', NULL),
	(1833, 111, '240', '240', NULL),
	(1834, 111, '244', '244', NULL),
	(1835, 111, '245', '245', NULL),
	(1836, 111, '262', '262', NULL),
	(1837, 111, '264', '264', NULL),
	(1838, 111, '340', '340', NULL),
	(1839, 111, '360', '360', NULL),
	(1840, 111, '440', '440', NULL),
	(1841, 111, '460', '460', NULL),
	(1842, 111, '480', '480', NULL),
	(1843, 111, '740', '740', NULL),
	(1844, 111, '744', '744', NULL),
	(1845, 111, '745', '745', NULL),
	(1846, 111, '760', '760', NULL),
	(1847, 111, '780', '780', NULL),
	(1848, 111, '850', '850', NULL),
	(1849, 111, '855', '855', NULL),
	(1850, 111, '940', '940', NULL),
	(1851, 111, '944', '944', NULL),
	(1852, 111, '945', '945', NULL),
	(1853, 111, '960', '960', NULL),
	(1854, 111, '965', '965', NULL),
	(1855, 111, 'Amazon', 'Amazon', NULL),
	(1856, 111, 'C30', 'C30', NULL),
	(1857, 111, 'C70', 'C70', NULL),
	(1858, 111, 'Polar', 'Polar', NULL),
	(1859, 111, 'S40', 'S40', NULL),
	(1860, 111, 'S60', 'S60', NULL),
	(1861, 111, 'S70', 'S70', NULL),
	(1862, 111, 'S80', 'S80', NULL),
	(1863, 111, 'S90', 'S90', NULL),
	(1864, 111, 'V40', 'V40', NULL),
	(1865, 111, 'V50', 'V50', NULL),
	(1866, 111, 'V60', 'V60', NULL),
	(1867, 111, 'V70', 'V70', NULL),
	(1868, 111, 'V90', 'V90', NULL),
	(1869, 111, 'XC 60', 'XC 60', NULL),
	(1870, 111, 'XC 70', 'XC 70', NULL),
	(1871, 111, 'XC 90', 'XC 90', NULL),
	(1872, 111, 'other', 'other', NULL),
	(1873, 112, '203', '203', NULL),
	(1874, 112, '204', '204', NULL),
	(1875, 112, '223', '223', NULL),
	(1876, 112, '224', '224', NULL),
	(1877, 112, 'M-20', 'M-20', NULL),
	(1878, 112, 'Pick-up', 'Pick-up', NULL),
	(1879, 112, 'other', 'other', NULL),
	(1880, 113, '1.3', '1.3', NULL),
	(1881, 113, '311', '311', NULL),
	(1882, 113, '312', '312', NULL),
	(1883, 113, '313', '313', NULL),
	(1884, 113, '353', '353', NULL),
	(1885, 113, 'other', 'other', NULL),
	(1886, 114, '2410', '2410', NULL),
	(1887, 114, 'GAZ-21', 'GAZ-21', NULL),
	(1888, 114, 'GAZ-24', 'GAZ-24', NULL),
	(1889, 114, 'other', 'other', NULL),
	(1890, 115, '102', '102', NULL),
	(1891, 115, 'Florida', 'Florida', NULL),
	(1892, 115, 'Koral', 'Koral', NULL),
	(1893, 115, 'other', 'other', NULL),
	(1894, 116, '965', '965', NULL),
	(1895, 116, '968', '968', NULL),
	(1896, 116, 'other', 'other', NULL),
	(1897, 117, '750', '750', NULL),
	(1898, 117, '1100', '1100', NULL),
	(1899, 117, 'other', 'other', NULL),
	(1900, 118, 'other', 'other', NULL),
	(1901, 19, 'Logan II', '<span style="font-family: sans-serif; line-height: 19.1875px; background-color: rgb(255, 255, 255);">Dacia Logan II a fost prezentată la Salonul Auto Paris 2012. Designul noului model este similar cu cel adoptat de Sandero II prezentat și el la Salon', '2012');
/*!40000 ALTER TABLE `model` ENABLE KEYS */;
/*!40101 SET SQL_MODE=IFNULL(@OLD_SQL_MODE, '') */;
/*!40014 SET FOREIGN_KEY_CHECKS=IF(@OLD_FOREIGN_KEY_CHECKS IS NULL, 1, @OLD_FOREIGN_KEY_CHECKS) */;
/*!40101 SET CHARACTER_SET_CLIENT=@OLD_CHARACTER_SET_CLIENT */;
